Arable land,Paddy yield,Milled production,Rice exports,Fertilizer usage,Rice area,Paddy Production,Rice imports,Total rice consumption,GDP,Population
159756,1.71,43089.53,15.85,16.63,37757.81,64602,532.05,41577.75,119,567868018
160186,1.6,39264.92,14.99,17.28,36687.81,58867.95,300.35,41593.65,123,581087256
161044,1.73,44073.36,17.78,17.63,38285.01,66077.01,264,42310.84,144,594770134
161501,1.57,39786.55,41.43,15.93,37888.4,59650,109.47,41890.58,163,608802600
161838,1.86,48925.78,18.29,21.59,39475.41,73352,276.82,47148.31,158,623102897
162057,1.64,42055.62,37.9,21.08,38511.1,63051.9,411.38,44435.94,161,637630087
162059,1.96,52696.74,18.82,26.51,40282.61,79005.6,132.68,50782.6,186,652408776
163239,1.99,53765.87,143.52,31.43,40482.21,80608.5,3.91,51607.88,206,667499806
163444,1.61,42338.29,329.42,32.26,39414.3,63475.7,3.32,46092.77,224,682995354
162854,2,53568.1,481.03,33.97,40151.5,80312,4.18,49611.22,276,698952844
162912,1.96,53281.97,963.84,37.35,40708.4,79883.01,51.45,50339.67,281,715384993
163246,1.85,47204.72,537.26,35.93,38262,70771.7,21.16,52211.84,284,732239504
162732,2.18,60062.02,230.21,40.78,41244,90048,208.87,57513.41,304,749428958
163618,2.13,58397.72,198.36,48.89,41158.8,87552.8,503.53,57673.51,289,766833410
163540,2.33,63910.4,315.07,52.99,41137.2,95817.7,55.84,61096.11,311,784360008
163409,2.21,60549.86,252.86,58.86,41166.7,90779.41,21.06,59293.53,324,801975244
163205,2.2,56920.92,388.68,51.12,38806.3,85338.7,5.27,63668.95,356,819682102
162868,2.55,70947.99,349.55,66.1,41735.81,106368.8,703.4,71315.06,368,837468930
163476,2.62,73577.17,421.75,69.21,42166.9,110310.61,468.63,73746.99,361,855334678
163459,2.61,74382.1,505.02,73.52,42686.61,111517.41,66.04,74021.96,385,873277798
163182,2.63,74732.01,678.24,78,42648.7,112042,12.12,74151.82,318,891273209
162706,2.61,72703.8,580.4,74.7,41775,109001.2,102.38,72297.13,332,909307016
162586,2.83,80306.8,767.68,76.18,42539,120400,75.52,76650.36,315,927403860
162525,2.86,81800.88,890.59,83.46,42814,122640,6.92,77935.27,362,945601831
161911,2.7,76998.48,4913.14,85.7,42800,115440,0.05,78175.26,391,963922588
161025,2.82,81707.5,2511.96,89.04,43400,122500,0,79220.3,419,982365243
161601,2.85,82507.9,2388.78,100.17,43469.8,123700,0.05,80143.9,435,1000900030
161409,2.88,86079.68,4962.94,104.07,44802.3,129055,6.63,81131.04,432,1019483581
160975,2.98,89708.77,1895.18,112.17,45160,134495.9,34.5,82821.29,462,1038058156
160930,2.85,85019.08,1532.57,103.79,44712,127464.9,13.19,82478.46,463,1056575549
160325,3.12,93313.3,2193.71,108.18,44900,139900,0.06,81696.58,472,1075000085
160432,2.62,71856.11,5053.16,100.33,41176.1,107730.3,0.87,80297.77,492,1093317189
159799,3.12,88570.26,3401.92,105.18,42592.5,132789,0.34,81122.98,572,1111523144
159681,2.98,83172.97,4794.45,115.27,41906.7,124697.1,,84445.59,657,1129623456
159444,3.15,91839.29,4062.47,127.61,43659.8,137690.1,0.26,87771.62,747,1147609927
158662,3.18,92804.37,4738.85,136.4,43810,139137,0.16,88061.97,837,1165486291
158022,3.29,96428.19,6449,142.84,43910,144570,0.14,89960.09,1077,1183209472
157995,3.25,98740.01,2484.25,153.35,45537.4,148036,0.08,92237.46,1049,1200669765
157924,3.24,90493.88,2148,167.46,41918.3,135673,0.07,92353.99,1153,1217726215
157009,3.36,96023.33,2225.35,179.1,42862.4,143963.01,0.1,94269.52,1423,1234281170
156979,3.59,105319.3,5004.28,177.32,44010,157900,1.09,95287.01,1498,1250288729
156546,3.69,105252.6,10470.31,164.78,42750,157800,0.54,94755.76,1482,1265782790
157000,3.62,106186.4,11300.1,157.52,43950,159200,1.32,94854.48,1486,1280846129
18000,2.43,13466.73,,12.62,8324.32,20190,506,14355.38,79,117880144
18000,2.46,12935.53,,25.04,7897.64,19393.6,734.3,14920.42,91,121017314
18000,2.56,14333.5,,26.87,8403.6,21489.5,1862.69,15218.75,131,124199687
18000,2.64,14989.5,,27.72,8508.6,22473.01,1132.07,15638.1,203,127422211
18000,2.63,14900.25,0.4,27.17,8495.1,22339.2,691.78,16738.47,233,130680727
18000,2.78,15541.73,,27.37,8368.76,23300.94,1301.18,17184.79,278,133966941
18000,2.79,15572.54,,34.19,8359.57,23347.14,1973.36,17494.89,334,137278058
18000,2.89,17189.66,0,42.41,8929.17,25771.6,1841.58,18155.86,366,140621730
18000,2.99,17530.53,,47.54,8803.56,26282.66,1922.03,19810.68,357,144009845
18000,3.29,19777.82,10,65.17,9005.06,29651.9,2011.71,20092.55,673,147447836
18000,3.49,21860.38,,80.76,9381.84,32774.18,538.28,21494.85,737,150938232
18000,3.74,22400.33,,88.5,8988.46,33583.7,309.64,23080.14,742,154468229
18000,3.85,23547.11,,85.82,9162.47,35303.01,1168.48,23211.1,659,158009246
18021,3.91,25437.01,,104.21,9763.58,38136.45,414.33,24125.36,672,161523347
19500,3.94,26034.97,258.71,100.26,9902.29,39032.94,33.83,25512.37,658,164982451
20178,3.98,26497.75,133.81,101.57,9988.45,39726.77,27.76,25385.22,610,168374287
21170,4.04,26732.15,32.72,105.51,9922.59,40078.19,54.98,27291.03,563,171702763
21156,4.11,27798.01,,117.27,10138.16,41676.18,32.73,28375.73,622,174975954
20860,4.25,29831.96,105.49,111.77,10531.21,44725.58,268.2,29499.01,697,178209150
20253,4.3,30134.23,1.91,123.48,10502.36,45178.75,49.39,30203.6,771,181413402
18081,4.35,29807.06,0.64,132.74,10281.52,44688.24,170.97,30008.36,848,184591903
18100,4.34,32176.08,42.48,142.71,11103.32,48240.01,609.56,31749.02,908,187739786
18129,4.38,32136.78,350.61,127.81,11012.78,48181.09,23.78,32174.12,1013,190851175
17126,4.35,31109.88,169.14,144.05,10733.8,46641.5,629.86,32250.49,1116,193917462
17342,4.35,33179.34,0,145.84,11438.76,49744.14,3154.91,35389.01,1254,196934260
17941,4.42,34084.7,0.2,151.38,11569.73,51101.5,2147.78,35153.82,1394,199901228
18500,4.43,32934.5,0.06,120.41,11140.59,49377.06,329.31,34584.65,1308,202826446
18700,4.2,32840.88,1.79,145.87,11730.2,49236.7,2891.68,35905.45,572,205724592
19700,4.25,33927.88,2.44,128.15,11963.2,50866.39,4671.22,38647.44,830,208615169
20500,4.4,34615.97,1.12,121.63,11793,51898,1338.99,36076.4,870,211513823
20200,4.39,33657.35,3.79,130.61,11500,50460.8,639.54,34915.04,834,214427417
20081,4.47,34343.63,3.89,123.96,11521.17,51489.7,1790.32,36170.44,1003,217357793
22406,4.54,34775.78,0.67,131.13,11477.36,52137.6,1613.42,36422.08,1187,220309469
24666,4.54,36077.01,0.89,131.21,11922.97,54088.47,388.43,36468.43,1281,223285676
22946,4.57,36118.78,42.28,143.99,11839.06,54151.1,188.94,36274.17,1404,226289470
21500,4.62,36321.44,0.94,158.02,11786.43,54454.94,455.85,36780.68,1765,229318262
22000,4.71,38124.01,1.19,181.46,12147.64,57157.44,1403.33,37695.09,2064,232374245
22700,4.89,40187.46,1.84,184.53,12309.16,60251.07,288.36,41305.22,2418,235469762
23600,5,42954.06,2.4,181.64,12883.58,64398.89,248.45,42696.21,2465,238620563
23600,5.02,44335.08,0.34,181.52,13253.45,66469.39,685.77,43907.99,3178,241834215
23500,4.98,43859.85,0.8,197.96,13203.64,65756.9,2745.28,44803.54,3689,245116206
23500,5.14,46060.44,0.82,205.44,13445.52,69056.13,1802.05,46361.47,3745,248452413
23500,5.15,47543.57,1.27,204.59,13835.25,71279.71,472.24,46874.91,3684,251806402
8837,1.6,9936.09,,12.92,9297.68,14896.69,347.5,11317.33,134,65531633
9133,1.57,10094.17,,19.94,9629.71,15133.68,681,10624.04,94,66625705
9131,1.81,11914.42,,19.93,9878.3,17862.7,396.26,10560.97,120,67637530
9131,1.73,11292.02,,14.14,9792.19,16929.57,94.4,11807.14,182,68742233
9144,1.85,12768.13,,23.56,10329.87,19142.62,281.92,11303.53,278,70066301
9138,1.78,11758.09,,26.63,9882.05,17628.32,417.21,12676.39,141,71652381
9131,1.94,12974.14,0.11,37.34,10027.65,19451.49,104.25,12374.59,131,73463584
9125,1.94,13061.3,0.02,39.04,10101.81,19582.16,317.86,12920.6,176,75450032
9118,1.88,12746.02,,44.68,10159.85,19109.47,37.46,13798.8,201,77529045
9121,2.02,13887.61,,45.68,10308.93,20821.01,548.09,13290.6,274,79639491
9109,1.95,13637.4,0,43.92,10460.92,20445.87,78.54,13880.75,260,81767515
9104,2.01,14223.54,19.99,50.67,10585.74,21324.64,263.67,14217.9,232,83932127
9089,2.23,14514.59,,59.79,9738.46,21761.01,317.35,14548.53,237,86142495
9185,2.15,14629.62,,63.34,10223.44,21933.46,166.51,14781.2,262,88416521
9152,2.17,15045.04,,59.08,10398.17,22556.29,677.32,14824.77,263,90764183
9161,2.18,15414.39,,67.3,10609.15,23110.03,52.98,16357.96,268,93187603
9235,2.24,15421.45,,76.43,10322.19,23120.62,259.68,16898.56,288,95671163
9537,2.28,15552.08,,81.42,10224.23,23316.46,673.93,16765.73,303,98186350
9553,2.56,17865.25,0,94.94,10478.19,26784.48,62.7,17023.46,325,100695497
9456,2.57,17860.86,,98.73,10435.34,26777.9,380.06,18681.27,329,103171956
9385,2.66,18170.41,,107.02,10244.5,27242,15.8,19172.63,332,105599127
8609,2.69,18257.79,,116.01,10178.42,27373,17.72,19123.48,324,107983704
8506,2.72,17960.98,0.02,111.17,9905.6,26928,20.86,18957.51,333,110350639
8408,2.53,16757.71,0.2,124.81,9919.3,25124,62.13,19231.31,354,112737683
8404,2.65,17608.13,0.06,142.19,9951.7,26399,984.32,19947.74,383,115169930
8357,2.76,18797.39,,147.25,10200,28182,1030.5,20357.98,394,117649932
8390,2.74,18777.38,0.06,132.21,10263,28152,178.87,20180.97,403,120160564
8454,2.94,19816.57,0.1,138.46,10119.84,29710,1123.18,21216.37,407,122682815
8436,3.21,22964.81,0.17,161.89,10712.96,34430,2215.32,23017.58,415,125189651
8350,3.48,25097.54,0.7,158.11,10801.21,37627.5,452.12,24421.28,412,127657854
8303,3.4,24191.42,1.5,174.59,10661,36269,152.13,25948.97,406,130088702
8253,3.49,25074.53,0.56,188.64,10771,37593,943.36,26416.13,420,132478086
8228,3.58,25587.07,0.35,160.27,10725.04,38361.42,1250.71,27221.54,454,134791603
8143,3.54,24169.4,0.36,170.67,10248.1,36235.98,991.44,27239.75,486,136986432
7911,3.78,26543.68,4.51,197.75,10524.07,39795.62,705.14,27084.57,495,139035505
7880,3.85,27195.59,16.11,193.19,10579,40773,577.06,27672.99,523,140921167
7816,4.08,28801.73,18.55,184.41,10575,43181,615.84,28847.96,585,142660376
7803,4.14,31176.91,8.46,200.06,11279.15,46742,838.71,29044.67,656,144304167
7796,4.24,32112.05,4.96,160.96,11353.53,48144,40.24,29225.69,728,145924797
7791,4.34,33390.82,3.86,183.19,11529,50061.2,679.6,29558.39,808,147575430
7678,4.39,33768.21,1.14,251.84,11528,50627,1310.87,29856.7,857,149273778
7670,4.42,33681.5,2.83,278.83,11423,50497,44.84,30163.5,916,151007807
7678,4.38,34350.5,3.65,208.66,11770,51500,260.26,30432.44,1030,152764676
5630,2.23,6968.15,6,51.1,4692.1,10447,690,7516.12,68,44484035
5650,2.19,7169.05,3,45.69,4900,10748.2,880,7709.83,71,45548479
5680,2.21,7420.38,2,43.73,5030,11125,850,7982.71,72,46603525
5700,2.16,7352.53,2,49.79,5111.92,11023.29,910,8181.67,76,47657561
5700,2.12,6865.83,22,57.89,4855.9,10293.6,350,8228.56,80,48718189
5900,2.23,7888.74,5.6,45.93,5297.3,11827.2,147.7,8342.41,91,49785282
5980,1.94,7068.27,4,70.17,5468.7,10597.1,197,7618.28,106,50861162
5999,1.79,6529.86,17,56.89,5462.5,9789.9,70,6683.86,126,51959015
5970,2.07,7579.05,5,27.34,5485.2,11362.9,250,7598.67,134,53095408
5940,2.08,7768.82,33.3,26.12,5600.2,11647.4,201.4,8326.06,514,54281846
5910,2.2,8280.94,9,37.12,5651.9,12415.2,12,8774.32,251,55522803
5880,2.52,9598.26,17,46.71,5711.7,14390.2,197,9480.56,326,56814306
5850,2.63,9833.78,89,63.95,5611.7,14743.3,42,9983.86,482,58148384
5820,2.73,10342.24,83,64.42,5675,15505.6,322,10576.67,823,59512619
5616,2.78,10588.49,59.4,83.55,5718.3,15874.8,336.1,10742.2,251,60896721
5570,2.81,10673.93,132,94.08,5703.1,16002.9,482.5,11213.91,556,62293856
5527,2.7,10073.43,120.4,76.3,5603.1,15102.6,322.5,10664.02,675,63701972
5460,2.96,11339,91.2,105.52,5740.8,17000,199.5,10954.79,366,65120439
5400,3.21,12670.53,1420,104.26,5911.2,18996.3,55.12,11429.84,97,66550234
5339,3.18,12823.14,1624,104.94,6042.8,19225.1,1.9,11722.49,98,67988862
5368,3.11,13087.81,1033,145.66,6302.7,19621.9,6.17,11884.43,114,69436954
5506,3.33,14400.73,1945.8,139.19,6475.4,21590.3,1.7,12591.88,144,70883481
5516,3.48,15232.01,1722,136.71,6559.4,22836.6,0.75,13494.62,189,72300308
5464,3.57,15693.38,1983,216.86,6598.6,23528.3,,13748.29,230,73651218
5403,3.69,16650.79,1988,226.49,6765.6,24963.7,11,14147.52,289,74910461
5554,3.77,17606.6,3003,267.28,7003.8,26396.7,,14501.17,338,76068743
5668,3.88,18358.44,3574.8,259.65,7099.7,27523.9,,14542.28,362,77133214
5763,3.96,19440.05,3730,322.21,7362.7,29145.5,1.3,15639.47,361,78115710
6000,4.1,20939.66,4508.28,342.93,7653.6,31393.8,5.2,16348.1,375,79035871
6200,4.24,21697.18,3476.98,365.65,7666.3,32529.5,,17768.1,402,79910412
6649,4.29,21416.3,3729.46,286.73,7492.7,32108.4,2.6,17028.73,413,80742499
6600,4.59,22976.28,3240.93,304.96,7504.3,34447.2,40,18528.65,440,81534407
6581,4.64,23057.39,3813,342.3,7452.2,34568.8,2.25,18703.02,489,82301656
6469.5,4.86,24111.32,4063,403.91,7445.3,36148.9,0.06,19237.62,604,83062821
6358,4.89,23900.54,5250,292.26,7329.2,35832.9,0.34,18988.88,700,83832661
6348,4.89,23911.62,4642,300.17,7324.8,35849.5,0.57,18801.65,797,84617540
6309.6,4.99,23973.78,4558,353.01,7207.4,35942.7,2.08,19055.64,920,85419591
6282.5,5.23,25832.78,4735.17,305.7,7400.2,38729.8,0.68,20212.93,1154,86243413
6300,5.24,25979.78,5968.59,403.04,7437.2,38950.2,0.85,20222.14,1181,87092252
6437.6,5.34,26683.74,6892.96,310.45,7489.4,40005.6,0.98,20022.03,1297,87967651
6401.3,5.54,28279.69,7112,255.46,7655.44,42398.34,2.41,20824.19,1532,88871561
6422.8,5.64,29122.27,8010.92,296,7761.31,43737.6,27.6,20836.06,1751,89802487
6409.5,5.57,29374.2,3939.08,373.76,7902.81,44040.46,6.25,21391.1,1899,90753472
9970,1.72,5452.72,810.51,4.42,4763.8,8175,,5018.1,99,27913750
9970,1.62,4906.99,524.29,4.82,4528.1,7356.8,,5093.02,89,28570097
9485,1.76,5737.47,145.81,4.37,4879.5,8601.9,,5265.48,114,29238168
9494,1.76,5725.13,214.3,4.71,4884.1,8583.4,,5286.5,133,29918461
9505,1.83,6141.54,291.61,5.76,5029.6,9207.7,0.01,5568.13,120,30611095
9518,1.9,6215.97,623.03,5.38,4911.5,9319.3,,5715.44,131,31314341
9550,1.95,6311.15,661.38,6.49,4864,9462,,5944.95,131,32026742
9558,2.1,7022.38,348.25,8.95,5010.5,10528.3,,6918.35,143,32748784
9567,2.35,6968.75,590.2,9.73,4441.9,10447.9,,7402.62,160,33481396
9573,2.77,8882.71,653.1,10.47,4800.9,13317.4,,8244.18,173,34224313
9605,2.94,9435.78,673.9,13.08,4808.7,14146.6,,8510.56,170,34976462
9620,3.15,9587.06,701.3,17.51,4562.3,14373.4,,8632.83,170,35734272
9613,3.07,9530.16,858.4,16.61,4659.2,14288.1,,8409.6,172,36491800
9591,3.1,9508.42,621.8,19.62,4601.3,14255.5,,8638.35,173,37241527
9593,3.07,9549.47,581.5,20.23,4660.8,14317.05,,8722.08,174,37977086
9596,3.03,9422.78,622.22,18.63,4665.7,14127.1,,8552.26,129,38698482
9574,3.04,9096.81,385.94,13.1,4482.8,13638.4,,9244.04,125,39404335
9552,2.91,8782.46,47.8,9.14,4527.3,13167.1,,9065.35,113,40085651
9538,2.92,9208.94,168.2,8.71,4732.4,13806.5,,8501.49,119,40731426
9567,2.94,9319.19,246.64,7.89,4760,13971.8,,9264.52,126,41335199
9554,2.89,8807.2,183.12,8.69,4575,13204.2,,9163.87,127,41890197
9534,2.94,9898.55,212.36,7.04,5056.2,14840.4,,10012.51,141,42401684
9579,3.06,11181.05,295.81,9.01,5486.81,16763.2,,10550.25,151,42890002
9534,3.17,12138.67,958.71,15.18,5742.88,18198.9,,11229.53,164,43383428
9540,2.98,11977.25,367.6,18.87,6032.7,17956.9,,11164.57,177,43901598
9543,3.06,11792.43,115.55,18.22,5768.5,17679.8,0.46,11458.83,189,44452206
9559,3.08,11106.48,28.3,18.6,5408.3,16651.4,1.63,11411.75,201,45027233
9556,3.13,11390.82,120.4,17.98,5458.5,17077.69,0.95,11597.85,128,45611220
9690,3.24,13424.07,54.32,16.83,6210.79,20126.04,6.66,12526.62,155,46181077
9909,3.38,14223.02,251.4,20.76,6302.49,21323.87,10.14,13226.48,196,46719701
9990,3.42,14617.97,1009.61,9.58,6412.54,21916,13,13896.33,182,47225120
9862,3.42,14543.94,978.37,4.29,6381,21805,16,14080.88,162,47702171
9851,3.55,15438.56,468.14,10.31,6527.98,23146.27,9,14433.67,198,48148902
9912,3.82,16634.31,182.23,19.91,6532.82,24939,18,16089.88,246,48564484
10059,3.75,18464.56,213.01,6.52,7384,27683,2.1,17553.09,274,48949924
10336,3.83,20626.31,306.51,9.02,8074,30924,10.5,19455.35,295,49301050
10577,3.93,20977.82,361.86,15.77,8011,31451,3.15,19819.88,363,49621475
10694,4.03,21726.18,685.66,7.61,8077.72,32572.98,81,21456.63,512,49929642
10794,4.06,21798.87,837.87,5.52,8058.26,32681.96,23,19602.15,643,50250367
10811,4.07,21730.63,592.81,6.25,8011.59,32579.65,1.59,19966.6,800,50600818
10786,3.83,19349.6,867.42,12.01,7566.78,29009.89,3.08,18874.13,1080,50990615
10751,3.8,18729.36,455.3,15.82,6908,26216.6,46.45,18841.9,1157,51413698
10772,3.84,19187.59,484.11,16.83,6872.4,26372.1,20,19596.28,1188,51852451
12431,1.94,9167.25,1586.32,10.31,7096,13744,,7566.24,194,37963278
13150,1.83,8279.47,2108,12.16,6780,12413,,7663.14,209,39058603
13900,1.92,9937.63,846.33,10.79,7743,14899,,8064.94,270,40159582
14624,1.83,8928.46,1044.34,13.76,7333,13386,,8059.89,332,41252324
14900,1.83,10205.1,948.83,12.09,8357,15300,,8416.24,352,42326312
15164,1.84,10050.36,1959.78,15.64,8167,15068,,8243.75,392,43377271
15773,1.59,9285.31,2927.3,17.25,8750,13921,,8113.52,445,44405904
16108,1.96,11652.49,1604.57,17.87,8935,17470,,9182.79,529,45413080
16315,1.82,10510.59,2791.71,17.74,8654,15758,,8455.53,590,46401754
16515,1.89,11584.52,2794.07,16.66,9200.08,17368.1,,8418.58,719,47374472
16855,1.95,11855.47,3025.74,18.58,9105.03,17774.32,,8446.12,752,48326274
17199,1.89,11257.97,3779.46,18.7,8940.02,16878.51,,7990.47,774,49255900
17293,2.04,13039.14,3471.31,27.8,9606.01,19548.94,,8773.6,835,50173924
17401,2.07,13276.52,4596.79,25.61,9629.71,19904.82,,8482.35,854,51094868
17693,2.06,13516,4045.45,25.35,9833.07,20263.87,,8152.95,776,52026901
17810,2.05,12585.06,4511.96,31.56,9194.02,18868.16,,8373.99,840,52980094
17930,2.01,12291.66,4437.88,35.13,9147.08,18428.27,,8346.94,969,53945881
17728,2.15,14182.35,5258.93,43.47,9905.93,21262.9,,8385.28,1159,54891520
17581,2.09,13740.87,6308.27,46.57,9879.04,20601.01,,7989.71,1350,55772169
17494,1.96,11467.88,4009.87,59.67,8791.88,17193.22,,8039.53,1571,56558186
17510,2.25,13606.8,4324.59,54.95,9052.96,20400,0.01,8528.5,1777,57232465
17238,2.17,13284.64,5144.36,64.85,9159.68,19917,,8267.85,2026,57811021
17085,2.17,13026.51,4980.28,85.16,9000,19530,,8079.62,2234,58337773
16860,2.35,14081.04,4846.31,80.66,8975.23,21111,,8560.83,2515,58875269
16839,2.42,14684.34,6188.52,89.49,9112.95,22015.5,0.07,8549.36,2872,59467274
16563,2.41,14895.18,5442.26,91.76,9267.2,22331.6,0.19,9304.78,3071,60130186
16242,2.38,15727.86,5552.66,91.18,9912.79,23580,0.32,9428.97,2493,60846582
15932,2.47,15641.15,6524.36,102.75,9511.52,23450,0.84,9581.91,1867,61585103
15867,2.42,16122.72,6827.44,111.11,9969.92,24172,1.41,9553.56,2057,62298571
15654,2.61,17237.87,6128.67,99.71,9891.2,25843.88,0.52,10437.38,2031,62952642
15578,2.77,18698.51,7673.26,108.11,10125.42,28033.75,0.26,10353.77,1922,63539196
15389,2.9,18670.54,7328.42,110.52,9653.53,27991.82,0.9,10463.93,2133,64069087
15200,2.9,19658.84,8383.48,149.18,10163.88,29473.52,7.92,10790.13,2405,64549866
15200,2.86,19035,9970.8,131.7,9992.87,28538.23,1.07,10875.02,2715,64995299
15200,2.96,20204.68,7508.58,112.73,10224.97,30291.87,2.38,11510.37,2956,65416189
15200,2.92,19771.13,7414.58,117.4,10165.16,29641.87,1.63,11677.3,3442,65812536
15200,3.01,21410.3,9165.2,124.95,10668.9,32099.4,3.15,11874.56,4058,66182067
15250,2.96,21110.97,10186.68,130.52,10683.55,31650.63,13.61,12422.41,4471,66530984
15695,2.88,21421.41,8594.92,122.06,11141.45,32116.06,20.83,12526.74,4298,66866839
15760,2.88,22950.8,8905.75,162.16,11932.32,34409,5.27,12981.17,5175,67195028
15760,3.1,24097.62,10671.19,161.51,11649.51,36128.37,10.63,13053.47,5601,67518382
16560,3.18,24991.76,6704.3,150.96,11956.78,38000.19,25.74,13732.28,5979,67835957
16810,3.15,24053.75,6787.8,167.69,11684.32,36762.28,21.31,13605.34,6296,68144501
5125,5.24,7204.12,854.16,373.66,2698,14148,48.65,7842.27,2272,105697000
5057,5.85,7872.56,182.68,407.81,2643,15450.5,4.7,7920.98,2967,107188000
5015,6.02,8042.82,514.12,447.68,2622,15778,24.48,7964.74,3998,108079000
4978,5.86,8136.81,281.06,411.93,2724,15964,62.08,7986.32,4354,110162000
4945,6.19,8716.65,10.07,364.27,2764,17097.01,35.04,7972.05,4659,111940000
4921,5.48,7786.54,0.22,423.9,2779,15228,20.96,7847.27,5198,112771000
4911,6.17,8669.39,16.78,432.5,2757,17006,43.1,7713.81,6336,113863000
4898,6.18,8335.37,73.8,453.45,2548,15736,62.09,7597.77,8822,114898000
4882,5.99,7915.96,559.68,480.13,2497,14948,14.99,7472.24,9105,115870000
4874,5.13,6445.35,649.95,372.59,2377,12189,13.81,7376.12,9466,116782000
4861,5.63,6781.51,788.81,386.55,2278,12824,75.41,7347.86,10364,117648000
4852,5.69,6786.32,318.45,409.01,2257,12838,65.96,7285.03,9578,118449000
4843,5.7,6848.76,320.27,433.29,2273,12958,13.82,7272.85,10424,119259000
4836,6.41,7856.19,101.84,433.81,2315,14848,150.33,7330.29,10982,120018000
4830,6.22,7714.79,0.14,419.05,2342,14578,19.61,7303.68,11580,120754000
4820,6.32,7708.39,0.06,425.85,2303,14559,20.65,7230.01,17118,121492000
4814,6.19,7034.98,0.03,423.06,2146,13284,17.17,7081.05,20756,122091000
4806,5.89,6574.48,0.03,404.29,2110,12419,16.01,6994.33,25065,122613000
4792,6.17,6853.02,0.02,404.42,2097,12934,15.95,6971.88,24831,123116000
4768,6.33,6954.94,0.02,385.49,2074,13124,18.33,6963.3,25380,123537000
4740,5.86,6358.37,0.02,369.62,2049,12005,17.57,6946.24,28923,123921000
4714,6.28,7004.57,0.05,378.45,2106,13216,17.91,6982.73,31430,124229000
4685,4.58,6469.9,0.05,387.85,2139,9793,107.86,6927.85,35699,124536000
4660,6.77,7943.17,0.01,378.43,2212,14976,794.95,6764.06,39220,124961000
4630,6.34,7121.43,11.94,354.45,2118,13435,26.69,6855.59,43441,125439000
4602,6.54,6855.16,0.04,339.63,1977,12930,414.9,6846.38,38451,125757000
4569,6.42,6643.86,35.85,330.42,1953,12531,552.93,6833.7,35035,126057000
4535,6.22,5938.43,328.25,312.81,1801,11200,482.07,6637.91,31916,126400000
4503,6.41,6082.4,131.94,319.5,1788,11468.8,637.86,6668.33,36039,126631000
4474,6.7,6292.74,41.38,324.61,1770,11863,645.18,6669.61,38536,126843000
4444,6.64,6004.33,510.59,304.68,1706,11320,632.56,6572.22,33851,127149000
4419,6.58,5894.68,23.91,333.54,1688,11111,650.07,6499.61,32301,127445000
4397,5.85,5197.26,22.71,335.17,1665,9740,704.35,6410.36,34831,127718000
4379,6.42,5822.91,48.42,353.68,1701,10912,661.86,6407.68,37697,127761000
4360,6.65,6052.36,12.05,347.97,1706,11342,786.09,6448.41,37224,127773000
4343,6.34,5706.85,22.57,332.83,1688,10695,606.12,6335.46,35464,127854000
4326,6.51,5812.24,18.6,350.47,1673,10893,642.55,6392.33,35342,128001000
4308,6.78,5884.94,40.47,278.23,1627,11028.75,595.72,6169.81,39453,128063000
4294,6.52,5652.16,16.94,239.59,1624,10592,670.15,6082.24,41014,128047000
4282,6.51,5705.52,38.23,261.45,1628,10604,664,6193.48,44674,128070000
4254,6.66,5713.52,25.18,260.73,1576,10500,741.69,6069.11,48169,127833000
1800,1.45,1822.24,31.11,1.74,1880,2732,17.64,1403.24,136,7139647
1800,1.38,1285.31,8.2,1.28,1399,1927,58.1,1330.06,69,7302111
1800,1.29,700.35,,1.11,811,1050,105.35,1261.88,94,7449238
1850,1.14,423.54,,0.76,555,635,200,1240.31,78,7533336
1850,1.2,720.36,,0.05,900,1080,80,1061.23,96,7524447
1900,1.1,733.7,,0.05,1000,1100,,1010.59,103,7404684
1900,1,667,,0,1000,1000,,987.62,96,7196042
1950,1,667,,0,1000,1000,,1005.84,106,6957265
1950,0.7,358.85,,0,774,538,200,1014.27,103,6770396
2000,1.19,1145.24,,4.05,1440,1717,138.5,1082.01,107,6693764
2000,1.13,993.83,26.42,9.5,1317,1490,131.6,1135.13,116,6749847
2030,1.21,1299.98,,5.37,1615,1949,145.4,1244.4,120,6919801
2040,1.26,1360.01,,2.35,1612,2039,71.5,1331.91,126,7169997
2040,1.29,840.42,1,0.83,978,1260,100,1349.47,132,7447853
2300,1.25,1208.6,3.94,0,1450,1812,55,1392.89,137,7714880
2600,1.38,1396.03,,0,1520,2093,80,1407.23,26,7960949
3000,1.32,1210.6,,0.2,1370,1815,80,1563.21,17,8198082
3450,1.37,1667.5,,0.03,1825,2500,105,1615.59,33,8435912
3685,1.44,1782.22,,0.08,1861,2672,38.4,1678.64,40,8691334
3695,1.35,1667.5,,1.11,1855,2500,25.8,1782.67,100,8975597
3700,1.4,1600.8,,1.54,1719,2400,20,1937.7,216,9289299
3700,1.32,1481.41,,2.97,1685.4,2221,81,1932.48,252,9623889
3716,1.31,1589.69,,3.93,1823.62,2383.35,84,2023.48,242,9970733
3700,1.49,1483.07,,2.86,1494.6,2223.5,51,2090.32,265,10317899
3700,1.79,2299.68,,2.65,1924,3447.8,81,2242.28,320,10656138
3700,1.81,2270.47,5.62,2.11,1879,3404,25.97,2096.02,316,10982917
3700,1.77,2277.75,3.6,5.92,1928.69,3414.92,27.6,2135.75,302,11298600
3700,1.79,2341.08,0.7,2.06,1962.57,3509.87,62.02,2300.31,268,11600508
3700,1.94,2695.28,3.44,0,2079.44,4040.9,53.73,2387.14,294,11886458
3700,2.12,2685.4,6.37,0,1903.16,4026.09,62.55,2460.65,300,12155239
3700,2.07,2734.04,7.02,0,1980.3,4099.02,45.96,2401.13,320,12405408
3700,1.92,2549.61,3.85,5.83,1994.64,3822.51,68.74,2440.66,338,12637727
3700,2.1,3142.21,2.28,3.86,2242.04,4710.96,62.16,2475.13,361,12856163
3700,1.98,2781.58,5.18,5.36,2109.05,4170.28,75.64,2401.64,406,13066469
3700,2.48,3992.8,2.32,8.11,2414.5,5986.2,40.21,4060.81,471,13273354
3800,2.49,4178.17,5.23,7.79,2516.42,6264.12,32.92,4138.1,536,13477709
3800,2.62,4486.91,2.98,8.75,2566,6727,48.9,4759.8,628,13679962
3900,2.75,4786.04,5.54,7.25,2613.36,7175.47,27.6,4840.78,742,13883834
3900,2.84,5059.77,17.22,9.58,2674.6,7585.87,19.79,5067.84,735,14093604
4000,2.97,5499.63,51.18,11.51,2776.51,8245.32,70.99,5509.06,782,14312212
4000,2.96,5855.59,174.04,15.47,2968.53,8779,19.32,5716.93,878,14541423
7900,1.75,233.45,,2.59,200,350,3,236.44,160,11475445
7910,1.9,266.8,,3.68,210,400,,266.8,135,11791215
7910,2,280.14,,3.11,210,420,,280.14,143,12108963
7910,2,280.14,,4.29,210,420,,280.14,174,12412950
7910,2.07,290.14,,4.6,210,435,,290.14,187,12689160
7910,2.13,298.82,,5.59,210,448,0.01,298.83,197,12943093
7910,1.9,266.8,,6.86,210,400,2,268.79,224,13171306
7910,2.04,285.48,,6.79,210,428,3,288.46,247,13341198
7910,2.13,292.81,,6.29,206,439,11,303.76,276,13411056
7910,2.17,276.8,,6.46,191,415,13.5,290.24,273,13356511
7910,2.24,260.13,,5.78,174,390,18,278.05,264,13171673
7910,2.2,242.79,,6.67,165.5,364,2,244.78,267,12882528
7910,2.26,233.45,,7.15,155,350,10,243.4,271,12537730
7910,2.24,222.78,,9.18,149,334,,222.78,275,12204292
7910,2.25,211.44,,9.22,141,317,,211.44,278,11938208
7910,2.24,224.11,,8.51,150,336,3.41,227.51,283,11736179
7910,2,216.11,,9.99,162,324,4.54,220.63,249,11604534
7910,1.91,228.78,,7.05,180,343,1.25,230.03,229,11618005
7910,1.88,213.44,,7.03,170,320,4.46,217.88,282,11868877
7910,1.9,222.11,,5.63,175,333,5,227.09,292,12412308
7910,1.94,223.44,,6.14,173,335,1,224.44,251,13299017
7910,1.71,200.1,,5.79,175,300,76,275.76,240,14485546
7824,1.71,200.1,,5.11,175,300,45,244.9,168,15816603
7703,1.9,228.11,,0,180,342,60,287.85,124,17075727
7653,2.29,260.13,,0,170,390,90,349.73,179,18110657
7647,1.94,226.78,,0.65,175,340,56.4,282.93,166,18853437
7685,2.22,266.8,,0.65,180,400,91,357.39,156,19357126
7757,2.5,300.15,,0.9,180,450,78,377.8,148,19737765
7653,2,186.76,,0.65,140,280,106,292.29,135,20170844
7683,2,173.42,,0.65,130,260,220,392.43,170,20779953
7683,2,161.41,,2.39,121,242,272,432.2,116,21606988
7678,2.87,258.8,,3.4,135,388,218,475.82,197,22600770
7772,2.99,289.48,,3.27,145,434,205.5,494.06,197,23680871
7816,2.37,308.82,,4.54,195,463,143.72,451.89,214,24726684
7805,3.03,323.5,,4.24,160,485,156.07,478.87,248,25654277
7794,3.38,360.18,,6.29,160,540,223.83,583.01,270,26433049
7794,3.25,368.18,,3.62,170,552,125.96,493.58,321,27100536
7794,3.22,408.2,,2.99,190,612,124.62,532.27,377,27722276
7793,3.22,430.22,,4.52,200,645,29.25,459.33,431,28394813
7793,3.23,448.22,,4.26,208,672,40.4,488.45,532,29185507
7791,3.2,448.22,,6.33,210,672,73.44,521.33,602,30117413
7790,2.44,333.5,,4.6,205,500,124.62,463.2,661,31161376
7785,2.5,341.57,,5.07,205,512.09,99.59,460.57,636,32269589
15581,3.04,697.68,0.18,11.36,344,1046,60.49,761.54,469,29281591
16227,3.18,800.4,0.22,12.36,377,1200,91.87,897.44,570,30075297
16901,3.07,889.78,5.67,19.44,434,1334,11.69,895.7,876,30905707
16370,3.01,875.77,0.16,20.31,436,1313,191.46,1077.43,1454,31786471
15850,3.1,953.81,2.24,21.2,461,1430,286.15,1253.64,1582,32729772
15330,3.79,1044.72,0.33,22.27,413.35,1566.3,260.04,1318.56,2017,33733961
14969,3.47,933.63,0.08,27.28,403.79,1399.75,589.9,1555.35,2316,34803045
14192,3.95,1018.72,0.02,21.98,386.2,1527.31,271.42,1270.05,2169,35960805
15194,3.27,832.52,,31.11,381.39,1248.16,335.6,1144.34,2427,37237137
12981,2.84,874.14,,47.24,462.18,1310.55,364.76,1214.88,2380,38650246
13550,3.54,1082.99,0.16,50.56,459.11,1623.67,538.27,1590.22,2485,40199906
14141,3.32,1070.64,,63.42,483.14,1605.15,388.84,1430.9,3007,41869236
14400,2.83,810.79,,72.08,429.45,1215.58,559.55,1329.05,3538,43636837
14650,3.36,989.81,,63.19,441.55,1483.98,538.45,1500.71,3495,45472791
14900,3.71,1184.65,,60.72,478.59,1776.08,492.51,1646.9,3777,47347186
15150,3.79,1189.88,,60.1,471.03,1783.93,429.85,1591.12,4223,49260255
15400,3.42,1202.79,,61.45,526.96,1803.28,731.01,1884.12,5465,51193782
15580,3.04,946.02,,65.85,467.23,1418.32,188.67,1121.31,6138,53077313
15400,3.57,1236.63,,82.58,518.99,1854.01,794.14,1973.34,7129,54822003
15190,3.78,1321.34,,76.43,524.27,1981.02,558,1838.23,10556,56366217
16681,4.05,1571.85,,68.88,582.32,2356.6,574.28,2113.16,5418,57679034
16969,3.96,1574.21,,79.55,596.04,2360.14,849.45,2361.1,872,58780370
17332,3.88,1521.27,,51.99,588.47,2280.77,1042.66,2487.14,1131,59723764
17337,4.01,1506.73,0.13,57.91,563.38,2258.97,433.4,1907.91,1413,60590614
17388,4.07,1534.7,,58.5,565.58,2300.9,1469.7,2896.18,1955,61442664
17097,4.47,1790.74,,63.13,600.33,2684.77,1035,2749.52,2620,62294920
16502,4.17,1567.53,0.23,73.15,563.21,2350.12,573.75,2098.15,3041,63136312
16837,4.51,1847.97,0.01,75.31,614.96,2770.57,568.16,2373.38,3364,63971836
16337,4,1566.28,0.42,81.43,587.15,2348.24,766.8,2274.14,4388,64800880
14924,3.69,1314.96,0.42,93.38,534.33,1971.46,1016.52,2255.11,5698,65623405
15861,3.87,1327.48,0.28,83.58,514.79,1990.22,700.53,1974.79,5120,66449112
16029,4.73,1926.3,0.21,78.74,611,2888,868.98,2844.22,1957,67284796
16197,4.76,1955.07,0.31,80.29,615.28,2931.14,945.73,2951.04,2273,68122938
16365,4.16,1695.81,0.18,103.75,611.45,2542.44,984.45,2733.75,2734,68951281
16533,4.36,1825.47,0.92,95.05,628.1,2736.84,1162.88,3049.01,3288,69762347
16701,4.14,1742.32,0.76,113.96,630.56,2612.18,1249.47,3052.14,3835,70554760
16869,4.33,1777.05,10.6,90.04,615.91,2664.24,1009.41,2823.14,4929,71336475
15545,4.14,1456.7,1.94,99.85,526.92,2183.96,1199.14,2719.82,5621,72120604
15411,4.21,1503.03,0.54,77.78,535.81,2253.42,802.85,2355.19,5609,72924837
15278,5.35,2009.5,0.24,59.18,563.52,3012.74,1132.22,3204.83,6505,73762519
15144,3.57,1831.96,0.11,30.37,530,1893.01,1125.6,3020.95,7681,74634956
4848,2.81,204.57,0,4.18,109.08,306.7,96.72,209.34,377,10255850
5000,2.85,178.76,0,4.53,94,268,33.31,212.42,388,10599668
5000,2.45,104.47,,5.73,63.96,156.62,15.98,216.62,469,10950888
5100,2.21,46.22,0,6.75,31.42,69.29,197.93,220.98,1018,11312062
5100,2.03,40.38,,6.41,29.88,60.54,151.2,213.39,1152,11684590
5100,3.12,108.96,,8.43,52.41,163.36,194.29,263.98,1471,12068676
5100,3.14,132.89,,10.63,63.48,199.24,235,319.86,1592,12462070
5200,3.14,114.72,,11.28,54.72,172,290,337.06,1848,12860680
5250,2.69,105.25,,19.43,58.7,157.8,320,408.43,2852,13259113
5250,3.01,111.32,,17.58,55.45,166.9,400,439.77,3912,13653354
5250,2.98,108.19,,14.63,54.5,162.2,350,461.9,2736,14044117
5250,2.84,108.99,,15.28,57.62,163.4,370,482.92,2951,14432468
5250,2.26,73.7,2.75,16.74,48.9,110.5,440,515.59,2740,14815656
5250,2.78,72.5,0.07,29.49,39.15,108.7,510,587.84,3081,15190393
5250,2.83,99.32,,34.38,52.52,148.9,500,604.62,3104,15555800
5250,2.81,94.18,,37.37,50.2,141.2,550,650.01,2962,15909762
5250,2.8,130.66,0.77,41.47,70,195.9,524,689.77,3482,16257070
5300,2.79,93.78,1.5,44.85,50.48,140.6,603,701.66,3762,16612322
5000,3.19,154.61,1.7,43.08,72.75,231.8,542,733.99,3862,16994948
5000,2.89,152.61,0.55,41.4,79.2,228.8,380,670.49,10327,17419113
5400,2.2,126.13,,24.94,85.92,189.1,300,520.27,334,17889459
5300,1.89,120.06,,39.62,95,180,450,554.62,384,18402734
5600,1.87,137.4,,62.14,110,206,655,577.01,266,18955085
5050,2.35,255.46,,76.04,163,383,200,508.11,206,19539340
4800,1.8,210.1,,69.56,175,315,225,518.34,173,20149338
4800,2.25,180.09,,73.83,120,270,214,507.53,293,20783073
4400,2.02,162.75,,81.09,121,244,684,712.52,472,21439574
4650,2.34,200.1,0.28,82.43,128,300,629,754.64,473,22114324
4550,1.38,120.06,25.42,85.3,130,180,781,833.12,809,22802064
4100,0.6,40.02,,90.54,100,60,1200,1045.57,1100,23497585
4300,1.28,85.38,10.52,148.65,100,128,1278.17,1063.28,782,24208180
4650,2.5,166.75,10.81,0,100,250,1162,1087.61,761,24931919
4500,3.05,60.03,1.23,0,29.5,90,433.5,1002.19,609,25644499
4500,2.84,166.75,2.03,24.36,88,250,651.64,1025.38,1374,26313838
5200,2.89,206.1,0.09,41.61,107,309,830.64,994.93,1829,26922284
4800,2.89,242.12,,46.25,125.75,363,1329.09,1130.53,2321,27448124
4950,3.16,262.13,,37.57,124.25,393,735.9,1177.64,3091,27911248
4000,2.93,165.52,,56.94,84.75,248.16,1051.92,1228.63,4472,28385746
3650,3.15,115.44,0.05,72.49,54.92,173.07,1099.56,1226.65,3702,28973162
4000,3.25,103.94,0.05,34.29,47.97,155.83,1123.17,1158.12,4474,29741976
4300,3.58,156.82,0.05,39.1,65.74,235.12,1122.22,1089.2,5849,30725300
35055,3.99,311.49,,13.55,117,467,0.2,311.69,169,16439095
35040,3.69,268.8,7.6,9.25,109.3,403,1,262.03,305,16330419
34683,2.71,188.76,20.5,3.49,104.3,283,1.7,169.47,752,16095199
34716.5,2.19,123.03,34.66,2.74,84.1,184.45,0.61,88.2,1061,15815626
33007.6,2.62,150.9,21.21,3.97,86.5,226.24,4.35,131.44,1359,15577894
32551.8,3.08,170.32,9.07,1.72,82.8,255.35,6.23,160.61,1459,15333703
32154.8,3.22,157.46,24.74,0.4,73.4,236.07,1.13,131.56,1480,15071300
32056.3,2.81,132.93,42.41,1.07,71,199.3,2.92,99.21,1132,14928426
30159.3,2.97,142.94,6.19,1.23,72.1,214.3,2.37,139.5,1230,14883626
29359.7,2.87,132.53,6.58,1.72,69.2,198.7,0.95,105.43,1492,14858335
28345.9,3.03,132.79,4.34,0.84,65.73,199.09,32.11,151.11,1657,14858948
28343.6,3.27,182.32,5.66,1.19,83.5,273.34,12.08,153.66,2062,14909018
28478.8,3.62,183.99,73.76,1.48,76.3,275.85,2.51,166.74,2863,15012985
28562.3,3.35,189.83,33.4,1.43,84.9,284.6,3.91,165.63,3753,15147029
28616,3.3,192.62,24.05,1.45,87.6,288.78,8.93,177.03,5261,15308084
28641.2,3.37,196.33,41.76,2.06,87.4,294.35,13.61,168.1,6733,15484192
28519.8,3.37,169.89,26.25,1.08,75.5,254.71,20.44,163.73,8349,15674000
28618.2,3.54,204.77,6.42,1.97,86.7,307,34.32,169.96,7116,16092822
28683.8,3.97,248.89,19.63,1.32,94,373.15,18.47,174.33,9005,16321872
29180.6,3.72,231.32,62.97,1.42,93.3,346.76,15.22,171.05,11553,16557201
670,1.22,541.13,,0.3,664.77,811.28,65.46,627.23,48,2762265
700,1.23,544.83,,0.29,664.79,816.83,82.22,639.56,50,2840841
720,1.33,589.3,,0.28,664.8,883.51,67.94,665.53,56,2919287
740,1.32,603.44,,0.27,685.9,904.71,50.52,676.04,62,2990965
750,1.34,606.97,,0.13,680,910,22.21,687.15,70,3051577
760,1.26,440.85,,0.13,524.56,660.94,45,657.62,75,3098973
770,1.23,462.03,,0.13,561.1,692.7,100,684.36,77,3135842
775,1.25,482.78,,0.09,578.5,723.8,135,655.08,83,3168843
780,1.26,578.25,,0.15,689.3,866.94,115,661.62,87,3207328
780,1.44,702.42,,5.13,732.05,1053.1,1,695.75,596,3258144
780,1.55,770.16,,5.13,745.06,1154.66,50,714.58,342,3323366
785,1.48,728.6,,0.33,736.81,1092.35,18,726.37,334,3401191
785,1.59,734.09,,0.71,694.35,1100.59,26.5,731.31,596,3489903
790,2.02,881.17,,0,655.1,1321.1,38,767.78,831,3586316
792,2.1,930.58,,2.53,663.49,1395.18,6.8,819.19,1017,3687898
793,2.26,966.68,,0,641.63,1449.3,4.03,849.99,692,3794198
793,2.23,805.17,,0.63,542.02,1207.16,2.1,840.86,474,3905530
795,1.91,669.26,,0.38,524.83,1003.39,3.76,784.61,300,4020811
795,2.36,936.54,,0.38,596.16,1404.1,5.62,876.08,360,4138845
799,2.29,994.83,,1.88,650.3,1491.5,4.24,910.61,414,4258472
799,2.2,816.3,,3.19,556.88,1223.83,26.1,912.01,474,4379236
799,2.66,1002.08,,4.24,565.75,1502.36,7.01,965.4,528,4500351
799,2.27,834.17,,3.75,551.71,1250.63,5.71,962.8,578,4619944
822,2.58,1051.87,,2.18,610.96,1577.02,16.45,1014.58,654,4735845
828,2.53,945.69,,7.48,559.9,1417.83,15.94,1018.99,742,4846483
824,2.55,942.8,,4.61,553.74,1413.5,26.73,1039.22,754,4951195
854,2.76,1107.22,,9.09,601.29,1660,19.93,1107.14,696,5050315
862,2.71,1116.89,,5.29,617.54,1674.5,40.58,1162.01,259,5144602
877,2.93,1402.58,,11.29,717.58,2102.82,4.71,1272.19,270,5235346
920,3.06,1468.53,,6.52,719.37,2201.7,13.69,1372.59,323,5323700
970,3.13,1557.24,,12.66,746.78,2334.7,21.97,1381.57,325,5409582
1015,3.27,1611.8,,,738.1,2416.5,26.4,1418.82,336,5493246
1060,3.14,1584.19,,,756.32,2375.1,23.56,1432.51,405,5576640
1105,3.28,1686.84,,,770.32,2529,32.86,1501.04,468,5662208
1150,3.49,1712.86,,,736.02,2568,22.33,1604.28,530,5751676
1200,3.59,1776.69,,,742.9,2663.7,17.3,1684.75,670,5846074
1240,3.72,1807.6,,,727.86,2710.05,24.63,1723.82,800,5944948
1290,3.78,1980.93,,,786.26,2969.91,23.73,1862.8,984,6046620
1360,3.84,2097.58,,,818.56,3144.8,43.04,1956.44,1046,6148623
1400,3.59,2048.12,,,855.11,3070.64,42.77,1984.5,1201,6249165
1428,3.75,2044.86,,,817.25,3065.76,17.07,2008.26,1412,6347567
1043.7,2.47,1211.89,1.56,164.09,734.53,1816.92,235.43,1496.49,384,11062433
1060.2,2.4,1225.49,14.23,201.68,766.18,1837.32,213.07,1478.56,445,11324277
1069.7,2.63,1320.62,10.87,250.02,751.64,1979.94,298.5,1560.58,661,11592638
1057.5,2.83,1397.36,0.05,213.84,740,2095,333.77,1621.93,800,11871104
1085.4,2.66,1332,0,228.51,750.34,1997,146,1588.12,765,12162187
1065.4,2.72,1330.66,0,280.5,733,1995,210.28,1575.7,886,12468689
1095.4,2.63,1265.97,,292.22,723,1898,283.32,1461.61,1027,12790312
1095,2.57,999.17,0.01,336.62,583,1498,407.02,1484.55,1247,13122839
1110.3,2.84,1397.36,,391.25,738,2095,238.09,1602.72,1576,13460031
1102.7,2.85,1363.75,0.2,410.81,716.8,2044.6,167.59,1600.51,1927,13798085
1090,2.84,1347.27,0.02,367.06,711,2019.9,316.66,1645.8,1920,14134058
1048.4,2.76,1256.36,10.38,422.36,682,1883.6,403.04,1608.81,2006,14471211
1043.7,2.6,1156.8,0,471.4,666,1734.32,358.26,1529.79,2190,14819424
1001.8,2.52,1048.31,10.14,645.84,624,1571.67,436.52,1507.54,2420,15192298
1037,2.66,1164.16,2,601.16,654.97,1745.37,428.02,1390.64,2154,15598927
1036.4,2.64,1146.05,0.92,635.18,650.88,1718.22,191.18,1420.09,1864,16043731
1033,2.47,1085.01,1.53,723.72,658.95,1626.7,196.51,1415.36,2070,16522000
1031.9,2.53,1131.39,5,859.68,671.76,1696.24,283.88,1421.2,2214,17022465
1014,2.63,1162.88,0.07,880.57,664.14,1743.44,367.73,1486.49,2381,17528961
1019.7,2.77,1257.28,0.11,891.93,680.65,1884.98,330.34,1603.5,2586,18029824
1018,2.82,1284.88,0.68,924.36,683.64,1926.35,399.89,1601.22,2885,18519937
1004.8,2.99,1342.49,0.13,960.29,672.75,2012.73,444.18,1761.59,3379,19002656
1002.7,3.03,1403.67,0.13,1028.22,693.43,2104.45,389.2,1792.28,3717,19484898
998.3,3.06,1426.57,1.16,1159.27,698.62,2138.79,340.78,1867.78,4028,19977500
986.7,3.16,1418.89,2.42,1106.72,672.79,2127.27,427.56,1898.1,4678,20487607
993.3,3.25,1486.4,0.12,1138.63,685.47,2228.49,577.63,1954.66,5176,21017613
985.7,3.07,1413.78,0.07,1270.16,690.98,2119.61,630,2002.29,5012,21562793
966.9,2.88,1296.81,2.09,1454.13,674.4,1944.24,657.87,2064.41,3520,22114654
951,2.94,1358.44,0.11,1392.01,692.39,2036.64,612.47,2083.16,3763,22661298
951.3,3.06,1427.91,0.1,1249.11,698.7,2140.8,595.58,2072.46,4348,23194257
913.9,3.11,1397.36,0.15,1237.25,673.6,2095,525,2016.78,4189,23709119
922.1,3.24,1465.63,2.7,1177.02,678.5,2197.35,496.1,1922.98,4442,24208391
911.9,3.36,1505.42,8.79,1304.13,671.8,2257,368.26,1977.07,4740,24698819
918,3.33,1510.09,8.23,1627.81,680.7,2264,522.44,2056.91,5245,25190652
957.6,3.42,1543.44,5.39,1457.35,676.2,2314,583.65,2251.41,5679,25690611
926.7,3.39,1458.73,4.47,1662.1,645,2187,820.48,2258.3,6353,26201961
935.5,3.53,1584.12,0.22,1836.52,673.24,2375,778.89,2337.22,7483,26720370
920.9,3.58,1569.45,0.91,2026.9,656.6,2353,1106.74,2547.23,8769,27236006
928,3.72,1674.87,0.56,1493.91,674.93,2511.04,1086.62,2774.38,7545,27735040
931,3.64,1644.04,0.41,2119.9,677.88,2464.83,930.58,2707.36,9047,28208035
954,3.75,1718.18,0.66,2241.37,687.52,2575.99,1031.03,2841.56,10398,28650955
1953,1.95,1563.33,227.5,4.08,1200.76,2343.83,,1252.13,72,12323982
2055,1.76,1340.97,130,5.17,1140.15,2010.45,,1237.96,81,12583140
2165,1.97,1611.51,292.5,5.71,1227.03,2416.05,,1294.2,76,12852206
2180,1.98,1635.66,58.5,5.83,1239.85,2452.27,,1310.8,93,13131260
2195,2.07,1737.37,99.97,5.59,1255.8,2604.75,,1308.33,117,13420369
2210,1.89,1591.64,107.19,6.73,1261.62,2386.27,,1373.38,106,13719471
2225,1.81,1522.38,88.33,7.85,1264.06,2282.43,,1465.64,99,14028536
2240,1.85,1560.3,31.97,8.28,1262.65,2339.28,,1510.02,112,14347641
2255,1.64,1373.97,44.76,9.29,1254.24,2059.93,,1474.88,126,14676929
2270,1.93,1643.7,7.32,9.89,1275.52,2464.31,,1536.86,132,15016402
2288,1.97,1707.57,29.54,10.41,1296.53,2560.08,22.32,1613.56,151,15367230
2291.6,1.45,1222.36,34.82,13.65,1264.84,1832.62,27.28,1503.54,149,15729431
2295.2,2.07,1838.91,2.65,16.25,1334.2,2756.98,33.48,1738.93,159,16100617
2298.8,1.97,1807.19,18.11,18.91,1376.86,2709.43,12.36,1841.8,164,16477473
2302.4,2.02,1870.6,59.08,18.85,1391.04,2804.49,7.41,1863.33,167,16858310
2306,1.78,1582.14,20.19,19.54,1333.36,2372.02,4.97,1783.49,178,17239673
2309.6,2.1,1988.85,2.27,23.46,1423.29,2981.78,31.32,2062.86,180,17623693
2313.2,2.26,2189.9,,24.33,1450.47,3283.21,19.98,2257.34,208,18020753
2316.8,2.37,2260.91,0.21,29.08,1432.85,3389.67,6.56,2315.21,205,18445028
2320.4,2.41,2335.94,,31.25,1455.17,3502.16,11.59,2133.73,206,18905478
2324,2.28,2149.43,,34.9,1411.81,3222.54,3,2148.26,220,19405504
2327.3,2.05,1724.13,,35.23,1262.11,2584.9,25,2086.78,194,19938320
2330.6,2.41,2331.56,,31.55,1450.45,3495.59,38.59,2212.71,203,20489975
2333.9,2.12,1938.42,,39.85,1368.42,2906.18,61.62,2240.17,206,21040904
2337.2,2.39,2387.08,,40.09,1496.79,3578.83,40,2327.06,219,21576071
2340.5,2.46,2475,,44.01,1511.23,3710.65,68,2422.79,220,22090352
2343.8,2.42,2428.45,,45.87,1506.34,3640.86,29.5,2496.16,234,22584775
2347.1,2.44,2467.75,,51.77,1514.21,3699.77,11.1,2500.91,228,23057883
2350.4,2.47,2557.47,24.02,40.16,1550.99,3834.29,36.16,2617.32,230,23509964
2354,2.7,2812.38,,31.02,1560.04,4216.46,195,2654.63,239,23941110
2357,2.75,2777.85,0.8,30.77,1516.98,4164.69,44.06,2747.24,242,24347106
2335,2.68,2756.44,0.8,16.68,1544.66,4132.6,18.36,2752.34,242,24725627
2315,2.68,2756.38,5.74,5.06,1544.66,4132.5,54.76,2783.52,252,25080872
2300,2.86,2971.97,,8.03,1559.44,4455.72,32.1,2922.2,286,25419344
2280,2.78,2861.32,,3.57,1541.73,4289.83,50.14,2876.25,318,25744500
2260,2.72,2807.59,,5.64,1549.45,4209.28,157.04,2948.85,347,26066693
2240,2.56,2455.12,,1.61,1439.52,3680.84,226.26,2953.94,391,26382581
2220,2.78,2867.61,,1.36,1549.26,4299.26,92.4,2907.87,470,26666576
2200,2.91,3017.3,2.02,19.17,1555.94,4523.69,102.94,3093.28,478,26883535
2180,2.72,2683.89,0.36,25.08,1481.29,4023.82,98.16,3081.69,592,27013212
2162.7,2.98,2975,0.3,34.66,1496.48,4460.28,161.1,3145.95,703,27041437
2118,3.31,3383.19,0.27,44.07,1531.49,5072.25,367.31,3345.93,698,26989862
2114,3.17,3004.5,0.17,57.73,1420.57,4504.5,325.46,3317.72,716,26917906
30320,2.33,2262.86,182.19,12.6,1456.48,3392.6,0.02,2095.96,177,59734481
30340,2.36,2331.31,197.98,14.38,1479.55,3495.21,60.1,2212.44,152,61381987
31210,2.44,2455.88,788.88,12.9,1511.92,3681.98,0.01,1686.54,100,63099406
30530,2.16,2314.59,597.24,13.94,1604.19,3470.15,,1734.91,135,64905998
30800,2.3,2618.76,477.65,17.98,1709.72,3926.18,0.02,2160.88,170,66816877
30460,2.35,2738.82,794.55,20.73,1749.38,4106.18,0.01,1985.82,194,68834326
30640,2.33,2951.08,960.16,23.41,1899.1,4424.41,,2137.59,213,70958169
31150,2.42,3273.64,776.6,28.24,2025.6,4908,0.02,2092.34,243,73197258
31050,2.37,3217.41,1015.01,31.77,2034.5,4823.7,0,2070.56,261,75561131
32110,2.42,3124.76,1086.64,33.63,1933.1,4684.8,0,2170.96,385,78054343
31160,2.6,3431.42,1243.66,34.66,1976,5144.55,,2171.76,442,80680459
33140,2.61,3446.42,951.03,37.55,1978.1,5167.05,0,2392.26,470,83431605
31040,2.51,3341.17,904.8,38.8,1998.5,5009.25,0.02,2298.89,426,86285935
32110,2.49,3316.86,1265,39.02,1998.5,4972.8,0,2239.86,450,89213706
31710,2.35,2920.39,718.69,47.65,1863.2,4378.4,0.01,2157.34,438,92191510
30140,2.53,3488.41,1316.02,59.23,2065.6,5230,,1832.09,437,95215378
31250,2.48,3242.55,1270.4,55.05,1963,4861.4,,2247.45,445,98285755
29920,2.35,3201.8,1210.2,58.13,2041.7,4800.3,1.26,2468.1,500,101389603
30410,2.29,3221.71,854.32,62.15,2106.9,4830.15,,2188.31,509,104512881
29750,2.32,3262.43,743.89,63.63,2112.7,4891.2,0.02,1954.87,496,107647921
29810,2.32,3244.72,1204.58,63.2,2096.9,4864.65,0,2113.16,551,110778648
29920,2.37,3117.66,1511.84,71.79,1973.4,4674.15,0.04,1796.01,566,113911126
30230,2.74,3996.7,1032.13,71.01,2187.1,5992.05,0.32,2191.11,584,117086685
30250,2.43,3448.22,984.32,72.18,2124.6,5169.75,12.39,2601.59,574,120362762
30460,2.75,3968.48,1852.27,82.57,2161.8,5949.75,0.07,2251.23,654,123776839
30550,2.87,4306.95,1600.52,78.98,2251.1,6457.2,1.39,2247.49,666,127349290
31040,2.8,4335.17,1767.21,85.67,2317.3,6499.5,0.2,2406.57,642,131057431
31120,2.89,4676.6,1971.6,82.84,2423.6,7011.4,0.85,2116.98,624,134843233
31110,3.07,5158.19,1791.19,91.06,2515.4,7733.42,1.47,2667.01,618,138624621
31040,3.03,4805,2016.27,95.44,2376.6,7203.9,0.72,2507.74,583,142343578
31300,2.75,3883.94,2423.86,94.07,2114.2,5823,13.54,2653.85,555,145978402
31220,3.02,4480.74,1684.33,97.47,2225,6717.75,13.82,2497.8,544,149549700
31190,2.96,4850.02,1819.98,100.97,2460.6,7271.4,4.71,3045.81,611,153093373
30310,2.99,5027.31,1822.74,110.78,2519.6,7537.2,0.44,2975.43,706,156664697
30170,3.17,5549.97,2891.39,123.48,2621.4,8320.8,,2439.67,777,160304008
30320,3.16,5441.12,3688.74,125.73,2581.2,8157.6,1.88,2121.13,883,164022627
30180,3.32,5566.18,3129.28,118.42,2515.4,8345.1,3.32,2663.75,963,167808105
29460,3.52,6955.48,2809.32,119.15,2962.6,10428,3.54,2904.75,1038,171648986
29420,3.58,6893.03,2750.66,168.93,2883.1,10334.38,4.17,3360.33,998,175525609
29390,3.06,4825.87,4178.84,151.82,2365.3,7235.19,1.92,2873.65,1032,179424641
30100,2.4,6132.4,3412.5,138.74,2571.2,6160.4,21.05,2814.57,1218,183340592
30240,2.4,5511.42,3422.72,116.92,2308.8,5535.9,11.42,2868.98,1254,187281475
30470,2.44,6767.38,3822.01,135.25,2789.2,6798.1,61.17,2939.57,1267,191262919
816,2.01,930.98,,137.62,693.77,1395.78,339.2,1312.74,186,12747821
822,2.05,875.4,,121.53,638.97,1312.45,266.4,1307.38,196,13002231
828,1.95,875.38,,134.18,671.69,1312.42,343.5,1324.14,217,13252036
834,2.01,1068.74,,122.18,797.02,1602.31,297.41,1444.82,265,13501935
850,1.93,769.82,,85.18,597.23,1154.16,465.35,1368.51,276,13755146
900,1.97,835.5,,105.89,635.47,1252.62,377.9,1569.1,256,14012899
950,2.14,1118.76,,117.47,782.28,1677.29,538.75,1438.28,288,14273495
1000,2.25,1260.96,8.7,135.89,839.42,1890.49,186.84,1379.78,188,14533690
900,2.43,1278.79,0.02,162.12,789.56,1917.22,211.64,1388.27,228,14788862
900,2.59,1422.84,0.02,183.62,823.73,2133.2,168.32,1484.94,323,15035834
900,2.65,1486.97,0.03,163.78,842.47,2229.35,154.58,1638.57,332,15272831
857,2.89,1437.8,0.01,181.6,746,2155.63,111.65,1650.31,354,15501207
869,3.2,1656.51,,193,776.66,2483.53,176.81,1706.35,377,15724651
872,2.73,1613.94,0.5,218.92,885.81,2419.7,20.34,1633.4,437,15948487
876,3.08,1775.03,0,222.24,864.68,2661.21,160.62,1878.7,429,16176280
887,3.09,1726.31,0.09,217.77,836.4,2588.18,189.85,1815.74,455,16408859
895,3.13,1419.26,0.09,227.61,679.42,2127.83,71.8,1766.73,469,16643952
898,3.04,1651.9,0.13,230.62,815.56,2476.61,176.01,1825.62,485,16878189
901,2.99,1376.31,0.24,233.91,689.75,2063.44,299.89,1671.12,482,17106753
900,3.06,1692.85,0.24,190.16,828.25,2538,130.27,1820.37,546,17325773
903,3.02,1593.46,0.44,196.22,790.66,2389,132.95,1723.16,591,17535729
905,3.05,1560.58,0.45,202.94,766.02,2339.7,236.91,1768.53,630,17736821
880,3.14,1714.19,0.48,239.2,819.77,2570,181.41,1659.2,666,17924823
883,2.99,1790.02,31.16,246.32,896.55,2683.69,31.63,1864.25,761,18094477
886,3.16,1874.2,43.8,232.55,889.59,2809.89,9.11,1786.84,802,18242912
887,3.12,1375.03,1.16,238.07,660.08,2061.52,289.28,1787.44,874,18367288
888,3.25,1493.66,1.39,235.03,690.08,2239.37,305.44,1821.56,968,18470900
889,3.51,1795.79,2.7,262,767,2692.34,166.68,1876.88,992,18564599
905,3.28,1905.69,1.36,286.28,870.8,2857.1,206.03,1990.28,993,18663284
915,3.44,1907.55,1.98,269.9,832,2859.9,14.85,1913.12,1031,18777601
916,3.52,1797.62,1.74,266.45,765.04,2695.08,51.92,1944.97,984,18911730
936,3.49,1907.27,2.07,304.56,819.59,2859.48,94.93,1944.66,1028,19062482
950,3.37,2048.49,2.05,259.18,911.44,3071.2,34.52,1972.58,1125,19224037
900,3.65,1752.88,2.33,287.01,719.69,2628,240.4,2092.15,1221,19387153
1100,3.55,2165.08,3.97,255.29,915.26,3246,51.73,2212.27,1431,19544988
1050,3.67,2229.11,2.61,291.31,910.49,3342,17.09,2243.24,1645,19695972
1000,3.83,2088.38,5.51,288.52,816.71,3131,129.72,2289.7,1870,19842044
1200,3.68,2584.62,3.79,311.71,1052.99,3875,99.2,2370.71,2336,19983984
1100,3.87,2435.66,4.45,281.37,942.41,3651.67,73.13,2452.69,2397,20123508
1200,4.06,2868.51,10.5,230.75,1060.36,4300.62,150.38,2565.68,2808,20261737
1300,3.57,2597.89,5.87,257.32,1091.05,3894.89,37.49,2533.07,3213,20398670
1250,3.61,2565.25,30.13,198.37,1066.62,3845.94,45.91,2531.3,3350,20425000
1300,3.89,3082.03,10.24,160.04,1188,4621,24.06,2613.23,3608,20585000
1487,2.28,42.57,,117.69,28,63.82,0.1,42.67,239,3899843
1586,2.27,58.56,,100.88,38.6,87.8,0.02,58.58,1336,4010789
1690,2.49,61.36,,73.96,37,92,0.04,61.4,1103,4115102
1740,2.71,52.43,,75.29,29,78.6,0.15,52.58,1394,4207841
1740,1.27,27.21,,81.61,32,40.8,2.06,29.26,554,4287346
1740,0.84,17.94,,102.3,32,26.9,0.3,18.24,615,4355116
1740,0.68,9.14,,43.68,20,13.7,0.03,9.17,647,4413479
1830,1.11,22.21,,49.84,30,33.3,1.6,23.8,862,4466135
1940,0.39,18.21,,54.43,70,27.3,1.2,19.4,1109,4516133
2040,1.11,26.01,,48.04,35,39,1,27.01,1514,4564083
2040,1.9,53.36,,,42,80,0.64,54,1880,4610005
2040,2.61,73.04,,,42,109.5,0.3,73.33,2444,4655743
2040,2.2,73.37,,,50,110,0.05,73.42,3005,4703401
2040,2.18,80.04,,,55,120,0.05,80.09,3612,4754646
2040,2.41,90.04,,,56,135,0.15,90.2,4448,4810109
2040,2.26,73.97,,,49,110.9,0.14,74.11,5331,4870141
1990,2.2,73.37,,,50,110,0.23,73.6,4359,4935767
1990,1.96,73.37,,,56,110,0.2,73.57,4036,5007954
1940,2.41,96.45,,,60,144.6,0.2,96.65,4439,5087213
1940,2.62,96.05,,,55,144,0.2,96.25,5650,5174085
4474,2.96,359.45,,163.16,182.02,538.9,51.3,328.05,204,21449000
4470,3.01,363.25,,142.28,180.7,544.6,48.3,318.45,309,21942000
4468,2.98,332.37,7.45,105.86,167,498.3,8.79,307.38,359,22377000
4475,1.97,218.51,16.95,105.92,165.9,327.6,0.49,344.4,549,22785000
4475,2.43,300.15,,99.44,185,450,32.02,250.3,738,23225000
4475,1.99,259.33,15,195.55,195.3,388.8,0.5,300.27,755,23667000
4475,2.33,230.98,,184.22,148.4,346.3,40,325.08,756,24051000
4475,2.56,280.67,,173.14,164.2,420.8,30.02,301.57,849,24311650
4475,1.17,103.25,,163.4,131.8,154.8,142.21,249.54,686,24650400
4485,1.72,45.22,,160.6,39.5,67.8,100,169.44,574,24964450
4484,2.72,116.79,,0,64.4,175.1,185.05,230.26,471,25271850
4500,2.76,222.58,,0,121,333.7,20,212.16,488,25567650
4500,2.74,120.88,,0,66.11,181.23,6.77,180.83,572,25864350
4400,3.27,114.52,,0,52.48,171.7,0.39,164.57,674,26167000
4400,3.63,146.96,,162.5,60.66,220.33,8.53,158.32,793,26488250
4350,3.59,131.87,,166.69,55,197.7,1.16,153.18,1025,26868000
4320,3.15,73.64,,173.02,35,110.4,8.25,84.1,1295,27302800
4300,5.55,129.66,,193.33,35,194.4,15.65,118.23,1489,27767400
4350,5.76,138.34,,203.57,36,207.4,3.48,125.23,1696,28562400
4300,5.22,79.84,,199.1,22.94,119.76,1.45,121.84,1887,29339400
26000,3.73,192.1,91.94,2.97,77.2,288,,97.75,1372,24259561
26000,3.54,196.1,23.42,3.32,83.1,294,,172.06,1409,24653175
26000,3.4,173.42,35.1,3.2,76.55,260,,137.4,2097,25056478
26000,3.82,210.77,38.49,2.89,82.7,316,,171.28,2845,25462302
26000,3.79,234.12,65.76,2.32,92.5,351,,166.64,2027,25865776
26000,3.54,206.1,87.43,3.01,87.27,309,0.2,116.59,1948,26264681
26000,3.53,213.44,166.56,2.86,90.6,320,4.37,46.32,2130,26661398
26000,3.26,206.77,99.42,4.12,95,310,1.44,106.18,2146,27061047
26000,3.05,208.1,88.52,5,102.4,312,8.36,124.62,2521,27471036
26000,3.24,177.42,92.92,4.45,82.2,266,2.87,84.59,8106,27896528
26000,3.5,190.96,90.82,3.71,81.8,286.3,4.75,101.93,6468,28338515
27000,3.85,291.61,54.92,3.95,113.6,437.2,0.46,239.43,3159,28794548
27000,3.66,224.85,78.58,4.39,92.1,337.1,,149.65,3842,29262047
27000,3.74,320.43,127.48,5.87,128.38,480.4,0.06,197.11,4241,29737093
27000,3.68,266.8,108.57,6.02,108.75,400,0.25,160.06,3150,30216279
27000,3.88,292.55,110.69,5.6,112.9,438.6,0.04,181.74,3739,30698964
26800,3.92,247.46,42.83,6.26,94.68,371,0.03,204.01,3791,31184415
26367,4.18,255.73,41.88,6.16,91.7,383.4,0.08,215.58,4387,31668949
26470,4.67,326.83,96.79,5.78,104.9,490,0.05,228.01,2780,32148134
26575,3.67,285.54,74.97,6.23,116.62,428.1,1.21,210.11,4710,32618651
26680,4.03,231.85,76.38,6.27,86.26,347.6,9.5,163.2,6233,33079000
26785,5.21,488.71,180.44,9.27,140.7,732.7,3.75,308.26,7420,33529326
26890,4.36,405.74,260.92,10.93,139.65,608.3,5.29,147.13,7558,33970111
26998,4.3,405.27,216.03,17.11,141.34,607.6,8.51,194,8126,34402672
27105,5.03,617.78,389.08,19.36,184.12,926.2,7.1,227.33,8053,34828170
27212,5.1,657.66,257.65,31.43,193.22,986,6.8,290.01,8385,35246374
27320,5.37,803.83,536.29,29.63,224.41,1205.14,11.54,291.07,8919,35657429
27425,4.78,674.43,542.94,28.28,211.7,1011.14,13.46,229.71,9005,36063459
27532,5.73,1106.02,655.1,29.91,289.2,1658.2,16.09,302.82,8453,36467218
27640,4.78,602.72,463.98,31.22,189.05,903.63,15.71,249.85,8387,36870787
27746,5.75,582.41,363.5,31.07,151.87,873.18,15.88,280.41,7852,37275652
27862,5.72,473.1,228.88,30.23,124.01,709.3,10.18,252.9,2898,37681749
28683.5,5.4,478.66,171.68,41.85,132.89,717.63,18.98,320.87,3646,38087868
30775,6.27,707.08,248.8,45.31,169.18,1060.08,8.75,366.48,4314,38491972
32897.5,6.02,637.82,350.33,36.4,158.94,956.25,6.26,295.14,5164,38892931
34854,7.06,796.06,490.66,41.41,169.02,1193.49,5.5,316.06,5976,39289878
36433,6.56,720.41,438.69,49.26,164.64,1080.07,9.31,331.7,7316,39684295
35261,6.83,830.95,413.14,35.21,182.46,1245.8,8.35,384.67,9147,40080160
34292,6.88,889.88,600.29,22.98,193.8,1334.16,6.53,390.57,8338,40482788
37981,5.76,829.25,465.25,39.61,215.67,1243.26,8.22,407.19,10413,40788453
38781,6.79,1165.97,729.41,45.25,257.44,1748.08,8.86,408.47,12788,41261490
37000,1.38,4397.65,148.03,30.34,4764,6593.18,1.51,4548.59,505,97482920
38000,1.49,4509.35,1.9,42.75,4532.93,6760.64,8.87,4614.14,586,99859383
39000,1.49,4775.8,33.4,42.89,4794.83,7160.13,10.98,4557.64,775,102259497
41000,1.45,4511.61,56.6,44.5,4664.88,6764.04,0.54,4627.25,1004,104706198
42000,1.47,5190.29,2.59,47.09,5306.27,7781.54,57.5,5087.38,1154,107216205
43000,1.47,6507.97,76.27,58.79,6656.48,9757.08,16.62,5504.79,1391,109790938
44000,1.5,5998.8,408.37,72.93,5992.09,8993.7,0.4,5657.66,1567,112425392
44000,1.3,4866.53,178.18,73.24,5623.52,7296.14,28.56,5553.78,1744,115121153
44900,1.39,5066.01,0.3,79.44,5452.09,7595.21,708.88,5759.89,1908,117878411
45000,1.57,6520.4,1.35,93.34,6243.14,9775.72,238.54,5865.46,1229,120694009
45600,1.35,5488.29,45.5,60.37,6101.77,8228.33,142.51,5879.79,1382,123570327
47000,1.62,6492.95,11.48,58.07,6024.66,9734.55,125.23,6286.11,1446,126498314
47000,1.52,5163.75,8.01,48.66,5108.25,7741.75,313.04,6148.96,1135,129448819
47100,1.69,6021.25,1.36,73.15,5351.47,9027.37,0.2,6314.22,1105,132383568
47300,1.9,6019.38,3.86,67.72,4754.69,9024.56,338.11,6248.4,1719,135274080
49000,1.86,6939.92,4.22,80.22,5590.93,10404.68,1392.57,6741.9,1954,138108912
49500,1.74,6953.54,3.78,78.53,6000.02,10425.1,98.51,6799.43,2087,140891602
49800,1.98,7874.9,25.46,74.86,5960.98,11806.45,103.65,7017.27,2289,143627503
49900,2.1,7356.88,9.53,67.38,5254.16,11029.8,165.37,7016.25,3087,146328304
50681,1.88,4949.76,1.24,63.29,3946.69,7420.93,409.72,6998.28,3105,149003223
51998,2.3,6328.5,1.6,65.13,4121.6,9488.01,953.21,7169.69,2677,151648011
51803,2.13,6674.2,3.53,68.25,4687.02,10006.29,578.26,7127.79,2523,154259380
52264,2.29,6741.58,12.21,85.14,4411.32,10107.31,687.62,7737.93,2786,156849078
52745,2.39,7030.71,3.14,95.13,4414.8,10540.79,978.62,7495.5,3494,159432716
58059,2.57,7487.78,18.39,72.44,4373.54,11226.06,862.98,6582.42,4951,162019896
57858,2.66,5765.42,21.63,86.76,3253.77,8643.8,779.83,7180.69,5200,164614688
57788,2.73,5570.56,8.92,101.06,3058.13,8351.67,802.16,7329.28,5324,167209040
57717.2,2.52,5146.63,6.41,101.38,3062.2,7716.09,1292.54,7891.08,5128,169785250
57746.8,3.07,7810.37,47.5,101.65,3813.27,11709.7,965.61,8228.14,3503,172318675
57776.4,3.03,7396.9,26.22,113.68,3655.29,11089.8,632.14,7979.75,3772,174790340
59071,3.24,6792.73,22.05,115.76,3142.64,10184,670.12,7484.8,3178,177196054
61504,3.32,6974.89,29.89,120.84,3145.87,10457.1,543.41,7472.64,2854,179537520
64634,3.25,6893.18,19.37,152.31,3180.86,10334.6,1044.15,7903.36,3086,181809246
68327,3.56,8855.77,36.62,150.95,3733.15,13277.01,830.12,8641.17,3655,184006481
69157,3.37,8799.64,272.03,120.1,3915.86,13192.86,494.63,8998.28,4815,186127103
69538,3.88,7688.3,289.87,124.03,2970.92,11526.68,618.36,8089.19,5914,188167356
68388,3.83,7377.49,201.34,165.17,2890.93,11060.7,686.66,7803.56,7385,190130443
70250,4.23,8044.99,510.52,141.84,2850.68,12061.46,419.06,8116.55,8873,192030362
70440,4.4,8438.31,589.73,108.33,2872.04,12651.14,624.36,8457.17,8642,193886508
70363,4.13,7494.4,420.96,142.4,2722.46,11235.99,747.91,8185.55,11327,195713635
72273,4.9,8989.15,1291.6,170.59,2752.89,13476.99,580.59,8551.27,13296,197514534
72607,4.79,7703.77,1099.23,181.73,2413.29,11549.88,693.76,8038.09,12427,199287296
76008.1,5.01,7843.03,816.4,175.66,2353.15,11782.55,737.36,8197.6,12357,201035903
3573,3.57,603.2,0.12,51.56,253.51,904.35,0.08,603.16,355,22003983
3588,3.81,695.87,2.1,57.49,273.84,1043.28,0.04,693.77,385,22516429
3604,4.04,784.31,20.09,70.92,290.86,1175.87,0.04,764.63,448,23024512
3619,4.26,1047.15,1.08,69.05,368.55,1569.94,,898.95,526,23538390
3635,4.25,1082.03,71.47,59.22,381.45,1622.23,,992.22,544,24065502
3650,4.16,987.64,78.27,67.42,355.65,1480.72,,979.53,623,24608102
3666,4.16,934.88,78.19,79.76,337.22,1401.63,21.05,977.03,774,25164544
3681,4.32,1252.64,0.33,79.08,434.26,1878.02,17.45,1014.39,904,25733669
3697,4.25,1220.48,30.13,84.51,430.65,1829.81,14.28,1038.13,1062,26312996
3712,4.31,1190.01,41.33,84.13,414.2,1784.12,4.31,1094.8,1629,26900508
3728,4.28,1252.45,22.82,75.11,439.02,1877.74,0.07,1181.08,1736,27496608
3743,4.27,1349.52,,81.06,473.91,2023.26,0.19,1251.62,1819,28101824
3759,4.26,1209.63,6.87,84.48,425.49,1813.53,0.49,1203.34,1770,28714183
3774,4.62,1143.68,36.99,96.05,370.86,1714.66,0.29,1205.28,1712,29331230
3790,4.7,1161.65,33.16,96.36,370.6,1741.6,0.07,1227.27,1572,29951194
3805,4.68,1014.47,2.54,114.99,325.17,1520.95,0.03,1208.18,1542,30572479
3824,5.35,1243.62,0.02,130.31,348.5,1864.5,0.24,1283.08,1573,31195417
3639,4.56,1184.19,0.02,140.73,389,1775.4,40.78,1273.22,1661,31822527
3472,4.07,1401.9,33.99,151,515.8,2101.8,0.2,1368.44,1640,32457497
3305,4.06,1411.77,54.76,182.24,521.1,2116.6,0.09,1308.9,1638,33102569
3038,4,1159.65,84.67,197.89,435.1,1738.6,0.25,1272.94,1658,33758328
3070,4.1,1157.21,0.45,166.58,423.57,1734.95,69.07,1224.03,1924,34422568
2923,4.12,1060.57,3.67,176.15,385.92,1590.06,60.07,1125.94,2139,35091272
2832,4.06,1105.36,2.29,175.78,408.28,1657.21,233.67,1340.33,2640,35758978
2399,4.28,1162.28,0.29,202.67,406.76,1742.55,122.48,1266.15,2939,36421438
2433,4.08,1108.11,0.05,199.34,407.25,1661.34,135.6,1266.4,3038,37076387
2539,4.64,1220.8,0.16,219.26,394.08,1830.29,165.01,1385.59,3292,37723803
2551,4.71,1265.79,0.35,233.59,402.78,1897.74,292.27,1414.8,2993,38364307
2536,4.8,1457.55,0.02,231.03,455.18,2185.23,37.01,1452.16,2589,38999468
2818,4.73,1492.26,0.04,233.57,472.76,2237.27,58.47,1566.15,2455,39629965
2434,4.55,1438.26,0.16,254.61,474.2,2156.31,162.56,1555.51,2383,40255956
2211,4.8,1376.04,0.61,309,429.79,2063.03,62.96,1540.62,2348,40875363
2264,4.85,1612.27,0.34,324.81,498.02,2417.19,44.77,1563.7,2240,41483872
2238,4.8,1665.31,0.59,320.97,519.74,2496.72,96.32,1595.74,2738,42075953
2026,4.84,1471.74,0.18,445.13,456,2206.51,32.11,1503.85,3385,42647731
1904.6,4.57,1310.93,0.04,571.25,429.91,1965.41,197.03,1524.04,3718,43200901
1998,4.9,1412.15,0.2,544.29,431.9,2117.16,135.27,1564.58,4684,43737512
1830,4.89,1609.37,0.96,486.73,493.55,2412.85,29.54,1588.56,5445,44254972
1775,4.7,1654.11,0.04,489.49,528.14,2479.92,101.93,1609.03,5171,44750054
1763,4.12,1326.12,0.1,578.9,482.3,1988.19,6.3,1479.9,6285,45222699
1586,3.96,1340.63,0.13,735.61,507.71,2009.94,42.56,1509.98,7264,45662747
1578,4.81,1289.87,0.01,747.12,482.2,2317.71,115.69,1521.77,7950,46075721
1682,3.84,1366.64,0.03,648.64,520.34,1996.58,151.65,1562.44,8103,46495492
2558,4.01,394.27,0.22,32.03,147.34,591.11,0.01,379.59,599,13836367
2850,4.09,321.71,,42.75,118.06,482.33,,316.9,646,14221961
2900,4.1,322.48,53.26,33.64,117.8,483.47,,290.47,752,14615845
2900,4.27,329.66,6.55,48.99,115.76,494.24,,323.36,923,15017055
2910,4.38,358.07,,35.87,122.48,536.84,78.18,433.23,1094,15424744
3000,4.28,380.47,,42.97,133.16,570.42,81.75,401.4,1007,15838572
3103,4.42,396.2,,44.86,134.36,594.01,0.12,425.29,899,16258321
3145,4.09,312,,43.45,114.27,467.76,26.36,366.03,749,16683456
3171,4.26,373.79,,37.01,131.44,560.4,202.24,569.26,933,17113388
3220,4.3,294.3,,36.69,102.53,441.23,230.95,564.56,1165,17547610
3245,4.73,507.04,,40.6,160.87,760.18,139.22,526.61,1373,17985393
3285,4.56,550.76,,29.88,180.92,825.73,57.02,662.64,1332,18426415
3333,4.19,532.95,,23.53,190.5,799.03,105.96,728.1,1012,18870993
3374,4.84,760.38,,25.41,235.41,1140,48.98,515.36,1019,19319746
3376,4.56,585.81,10.2,22.36,192.71,878.28,20.16,611.75,862,19772872
3385,4.5,484.18,,52.92,161.15,725.92,192.5,677.56,1264,20230384
3400,5.09,779.46,,68.2,229.46,1168.6,216.78,725.77,2041,20691283
3400,5.15,753.2,,66.33,219.25,1129.24,23.25,678.44,1580,21153459
3400,5.12,727.98,,44.74,213.31,1091.43,213.82,994.33,1908,21614193
3500,5.23,644.39,11,30.07,184.76,966.1,239.44,960.14,1301,22071433
3550,5.14,543.05,,21.31,158.35,814.17,279.65,950.76,1531,22522378
3600,4.98,553.19,,22.38,166.5,829.37,461.84,1042.46,1563,22966818
3600,5.45,645.41,,38.53,177.53,967.63,366.97,1072.64,1488,23408131
3602,5.85,934.73,0.13,48.56,239.45,1401.39,310.8,1235.61,1839,23851408
3740,5.62,761.41,,40.99,203.2,1141.55,196.18,950.74,2147,24299160
3860,5.72,802.51,,48.01,210.35,1203.17,459.04,1244.57,2194,24753824
3960,6.12,973.71,4,54.27,238.71,1459.83,379.63,1325.68,2272,25210954
4115,5.76,1033.04,0.04,57.87,269.08,1548.78,250.85,1237.7,2141,25658062
4225,6.25,1304,2.24,56.53,312.74,1955.03,144.35,1414.41,1904,26078293
4410,6.59,1262.03,3.29,57.66,287.11,1892.1,85.88,1342.54,1940,26459944
4280,6.69,1351.99,0,73.48,302.8,2026.97,61.46,1408.64,1936,26799285
3815,6.69,1413.16,0.14,80.35,316.81,2118.68,34.31,1352.28,2018,27100968
3835,6.79,1422.31,0.2,82.3,313.86,2132.41,15.88,1344.47,2160,27372226
3740,6.44,1230.55,0.15,88.21,286.47,1844.9,80.48,1399.39,2408,27624213
3930,6.9,1646.39,0.05,76.72,357.88,2468.36,124.89,1759.31,2669,27866145
3980,6.87,1575.63,0.13,85.42,343.69,2362.26,44.2,1616.18,3107,28102056
4010,6.68,1504.75,0.15,100.56,337.64,2256,80,1573.61,3588,28333052
4030,7.31,1851.46,17.54,74.06,379.78,2775.8,146.5,1971.21,4227,28562317
4135,7.39,1995.1,47.91,93.16,404.61,2991.16,91.36,2035.7,4170,28792655
4085,7.28,1888.53,2.02,89.62,388.66,2831.37,94.66,1971.72,5055,29027674
4030,7.3,1750.51,0.64,101.23,359.61,2624.46,205.35,1924.76,5738,29264318
4150,7.79,2029.9,18.36,104.15,390.92,3043.33,253.14,2250.13,6400,29506788
4155,7.71,2034.97,29.87,105.03,395.03,3046.77,175.76,2172.29,6631,29773987
1764,3.89,81.48,65.42,50,31.41,122.16,,21.37,996,2818281
1723,4.11,85.37,40.09,45.42,31.15,128,,22.38,776,2821461
1684,3.96,91.32,57.29,45.83,34.54,136.92,,24.19,1405,2822117
1644,3.7,105.35,57.55,41.3,42.66,157.94,,33.82,1448,2824095
1604,3.95,123.75,89.52,29.55,46.92,185.54,0.02,33.63,1250,2830176
1564,4.14,144.42,97.96,47.31,52.33,216.52,0.02,35.1,1291,2841372
1524,4.02,152.26,111.62,41.47,56.84,228.28,,32.39,1440,2856958
1484,3.87,150.51,94.14,39.08,58.38,225.65,8,35.35,1708,2875728
1443,4.13,165.4,161.31,63.59,60.01,247.97,,36.53,2480,2895688
1403,4.27,191.8,138.48,57.66,67.35,287.56,,32.26,3811,2915389
1387,5.31,220.3,217.92,45.85,62.25,330.29,,32.62,4224,2934613
1370,6.03,279.4,230.96,44.16,69.45,418.88,,34.34,3431,2953852
1354,4.61,215.52,191.79,29.69,70.16,323.12,,33.97,1871,2973036
1338,4.31,226.62,148.62,39.61,78.77,339.76,,36.11,1768,2992246
1322,4.95,280.61,237.17,45.54,84.93,420.7,,37.97,1717,3011519
1308,4.78,262.94,273.46,40.88,82.4,394.22,,39.12,2120,3030649
1291,4.23,223.77,206.74,46.94,79.4,335.49,,35.82,2637,3049581
1275,4.71,253.86,258.04,54.12,80.84,380.59,,37.1,2712,3068705
1257,5.64,358.32,260.83,56.2,95.18,537.22,0,45.2,2843,3088595
1241,4.45,231.65,287.1,57.92,78.09,347.3,5.88,46.3,3289,3109601
1254,4.78,328.56,267.74,62.85,103.12,492.6,8.48,50.19,3941,3131660
1267,4.76,403.8,322.45,64.09,127.3,605.4,0.01,50.82,4502,3154464
1280,5.17,468.1,491.47,71.09,135.7,701.8,0.04,53.82,5213,3177745
1293,4.92,440.02,401.13,48.72,134.2,659.7,10.77,72.71,6015,3201151
1306,5.51,537.67,455.81,50.54,146.3,806.1,0.06,54.73,6602,3224281
1319,6.47,649.33,592.15,116.38,150.5,973.5,0.51,62.43,6975,3247381
1333,6.58,682.88,636.12,96.92,155.5,1023.8,1.01,65.7,7296,3270164
1347,5.09,576.39,650.41,96.51,169.9,864.16,0.32,70.85,7667,3291053
1361,6.38,885.92,681.82,77.51,208.09,1328.22,2.04,76.33,7193,3308012
1373,6.38,806.5,714.43,75.83,189.4,1209.14,0.03,75.42,6817,3319736
1377,6.7,687.14,784.29,84.36,153.68,1030.2,0.03,76.4,6238,3325473
1381,5.86,626.64,635.44,61.03,160.23,939.49,1.51,76.95,4073,3326040
1385,5.9,604.1,608.51,110.63,153.4,905.7,2.33,82,3615,3323668
1389,6.77,842.15,595.41,129.99,186.46,1262.6,0.16,90.89,4103,3321476
1392,6.6,810.07,708.11,140.55,184,1214.5,0.13,92.73,5190,3321803
1396,7.29,862.03,729.75,148.7,177.3,1292.4,0.15,91.23,5843,3325401
1476,7.88,764.18,778.8,139.51,145.4,1145.7,0.27,92.06,6985,3331749
1826,7.9,887.11,724.36,104.41,168.38,1330,0.12,93.91,9029,3340221
2195,8.01,858.56,976.24,93.93,160.7,1287.2,0.55,93.6,9372,3349676
2033,7.1,766.21,774.31,145.78,161.9,1148.74,0.97,96.06,11860,3359275
2352,8.38,1095.88,911.87,78.36,196,1643,2.79,105.94,14054,3368934
3952,2.46,44.76,,32.44,27.26,67.1,19.79,72.25,1095,9942727
4002,3.36,57.55,,31.63,25.7,86.28,15.77,73.73,1173,10103674
4102,2.96,36.65,,41.76,18.54,54.95,6.75,64.11,1640,10265829
4152,2.49,22.91,,38.24,13.77,34.35,72.05,96.85,1554,10428798
4152,3.34,50.94,,21.81,22.88,76.38,22.44,73.97,720,10592307
4198,3.42,65.13,,28.06,28.59,97.64,9.4,74.77,961,10756878
4095,3.38,80.05,10.19,24.84,35.46,120.01,32.21,85.2,1278,10922779
3992,3.21,69.9,9.66,31.79,32.64,104.79,11.25,88.97,1442,11089165
3889,3.85,120.84,15.44,36.05,47.07,181.17,9,88.58,1937,11254877
3836,2.34,63.66,0.66,34.6,40.84,95.44,25.78,100.73,2580,11419348
3733,3.18,66.53,,30.64,31.4,99.74,19.67,101.08,3005,11582014
3580,3.55,87.5,,30.12,36.96,131.18,21.61,109.68,2204,11743911
3528,3.8,77.08,0.5,39.03,30.43,115.56,31.17,108.55,1762,11907960
3475,4.14,110.06,,51.82,39.88,165.01,8.32,113.47,1687,12078135
3444,4.07,104.48,,59.42,38.52,156.65,2.77,112.49,1424,12257236
3354,3.96,84.49,,77.99,32.02,126.67,36.51,113.74,1504,12445823
3076,3.95,98.07,0.05,90.18,37.27,147.03,21.07,124.77,1744,12642924
3059,4.17,108.22,0.01,95.55,38.9,162.25,25.36,137.29,2021,12847708
3070,4.31,123.52,23.42,101.15,42.99,185.19,5.69,102.24,2289,13058758
2802,4.17,90.72,4.43,109.45,32.59,136.01,33.72,123.85,2504,13274623
2685,3.94,78.12,1,113.97,29.75,117.12,79.12,127.51,2830,13495258
2440,4.2,89.06,0.5,140.98,31.76,133.53,20.51,130.12,3368,13719819
2304,4.49,87.13,0.01,167.1,29.08,130.63,36.35,134.4,3547,13944937
2276,4.38,88.76,0.04,167.4,30.36,133.08,47.07,137.08,4030,14166340
2120,4.3,97.32,0.06,191.04,33.93,145.9,50.57,149.15,5118,14380866
1985,4.77,101.91,0.08,213.1,32.03,152.79,49.78,152.55,5350,14587370
1982,3.63,58.4,0,219.48,24.1,87.55,90.64,151.28,5744,14786220
1979,3.91,69.62,2.66,237.49,26.7,104.38,71.55,140.29,5447,14977733
1800,4.15,40.69,0.27,264,14.7,61,108.07,146.18,4953,15162800
1750,5.24,90.08,0,275.43,25.77,135.06,68.02,132.25,5072,15342353
1750,5.02,95.56,0.02,274.86,28.55,143.26,82.62,149.84,4573,15516113
1650,5.07,94.66,0.02,307.78,27.98,141.93,76.65,142.63,4444,15684409
1500,4.99,93.95,0.41,330.14,28.23,140.85,135.4,166.2,4770,15849652
1500,4.79,79.55,0.24,491.35,24.9,119.26,89.51,171.68,6193,16014971
1450,4.67,77.93,0.01,434.76,25.03,116.83,94.05,174.49,7600,16182721
1350,5.73,106.93,0.12,475.81,27.98,160.32,102.2,191.27,9473,16354504
1266,5.07,73.55,0.03,532.42,21.76,110.27,112.23,198.94,10508,16530195
1304,5.79,80.97,0.2,691.46,20.96,121.4,123.97,218.16,10749,16708258
1314,5.38,84.92,1.34,437.08,23.68,127.31,119.18,205.96,10220,16886186
1271,3.86,63.15,1.25,543.32,24.53,94.67,124.13,189.27,12794,17062536
1287.4,5.19,86.96,0.35,485.7,25.12,130.38,106.94,196.44,14611,17233576
285,2.58,61.16,,200.95,35.5,91.7,16,73.94,568,1896077
285,2.78,59.23,0.01,167.72,32,88.8,1.36,72.38,637,1944169
283,1.59,69.38,0.15,226.15,65.46,104.01,0.35,72.79,767,1992514
283,1.59,84.52,11.9,256.18,79.52,126.71,0.28,80.65,816,2042241
283,2.25,130.49,3.89,233.57,87.1,195.64,0.41,89.42,936,2094188
283,1.87,99.86,2.86,196.78,80.17,149.71,0.07,90.48,1123,2148677
283,2.37,112.47,37.32,235.12,71.04,168.62,0.04,88.86,1393,2205615
283,2.61,131.95,30.62,282.26,75.75,197.82,0.07,91.57,1556,2264946
283,2.74,146.46,52.06,279.51,80,219.58,0.14,98.57,1735,2326464
283,3.84,153.83,38.16,259.72,60,230.63,0.03,129.15,2101,2389977
283,2.78,148.39,45.27,255.83,80,222.47,0.02,107.57,1107,2455588
283,1.9,97.53,10.77,254.42,77.1,146.22,1.24,92.17,1068,2523354
283,3.37,164.63,31.08,312.01,73.2,246.82,38.64,129.3,1253,2593020
283,3.08,148.57,59.82,340.28,72.33,222.74,0.23,127.66,1416,2664223
285,3.04,149.71,,282.81,73.95,224.45,0,127.3,1473,2736712
285,3.06,123.27,21.08,298.25,60.32,184.81,0.02,123.2,1605,2810242
285,3.03,102.54,,333.33,50.77,153.74,0.01,102.56,1606,2884851
280,3.52,137.04,,360.25,58.35,205.46,23.59,162.22,1592,2960929
260,3.63,104.74,0.04,411.54,43.24,157.03,34.72,141.75,1757,3039013
260,4.28,145.17,,417.69,50.82,217.64,0.02,145.19,1874,3119433
260,4.4,142.19,0,447.69,48.43,213.18,0.01,112.32,2318,3202085
250,3.84,135.08,0.56,491.2,52.72,202.52,48.77,159.85,2688,3286520
230,4.13,115.24,2.45,467.39,41.87,172.77,42.46,214.01,2927,3372298
230,4.59,137.03,0.44,560.87,44.78,205.44,49.12,167.38,3105,3458834
220,4.45,122.18,4.66,554.55,41.15,183.18,36.88,176.44,3327,3545534
210,4.11,157.76,7.11,710.48,57.55,236.52,56.95,160.66,3265,3632362
210,4.37,165.77,12.35,909.52,56.93,248.53,58.68,202.44,3437,3718949
210,4.27,159.41,10,947.62,56.01,239,80.77,221.01,3639,3803887
220,4.09,176.3,10.78,836.36,64.67,264.32,51.6,207.24,3703,3885430
210,3.9,177.7,5.08,795.24,68.36,266.42,43.54,217.18,3928,3962372
210,3.8,144.54,11.99,557.95,56.97,216.7,52.38,223.02,4030,4034074
200,3.96,126.58,4.4,537,47.89,189.77,66.38,222.94,4108,4100925
210,3.4,122.49,3.64,847.29,54.04,183.64,103.81,225.39,4214,4164053
210,3.17,131.54,4.74,726.71,62.12,197.21,107.96,237.79,4471,4225155
210,3.32,122.23,4.76,980.86,55.25,183.25,109.25,240.55,4743,4285502
210,3.97,129.57,1,826.71,48.88,194.26,102.34,223.56,5296,4345412
200,3.8,119.88,4.98,790.2,47.25,179.73,123.11,230.66,6187,4404628
200,4.1,147.72,10.25,707.5,54.05,221.47,69.76,230.35,7003,4463125
220,4.1,173.19,6.5,751.45,63.33,259.66,79.11,237.48,6897,4520740
225,4.03,178.6,3.52,545.11,66.42,267.77,66.06,243.56,8264,4577378
232,3.44,186.08,5.61,712.07,81.12,278.98,56.42,244.44,9261,4633086
2277,2.1,235.54,,128.24,168.1,353.13,279.94,522.79,780,8868083
2610,1.87,212.12,,87.7,170.11,318.02,255.8,474.6,901,9025345
2784,1.49,223.85,,99.6,225.3,335.61,201.16,430.27,1088,9178804
2636,2.14,291.23,,114.72,203.64,436.63,276.3,574.75,1224,9320945
2870,2.51,297.96,,115.3,178.2,446.71,199.8,502.98,1379,9446442
3027,2.76,300.87,,117.48,163.24,451.08,179.37,484.93,1443,9554188
3031,3,304,,137.91,151.76,455.77,144.17,451.94,1473,9646142
3036,3.01,305.12,,148.55,151.73,457.46,170.62,480.21,1835,9724044
2979,2.88,283.54,,155.89,147.48,425.1,161.01,448.76,2000,9790851
2980,3.24,318.71,,177.68,147.35,477.83,229.58,554.3,2022,9849459
3000,3.19,307.41,,202.45,144.4,460.89,199.01,511.62,2036,9898889
3050,3.45,346.68,,181.7,150.7,519.75,200.95,552.88,2108,9940317
3100,3.47,345.27,,170.34,149.1,517.64,206.7,557.37,2225,9981304
3107,3.45,370.02,,189.44,160.6,554.76,184.01,558.85,2396,10031649
3168,3.29,349.72,,184.75,159.2,524.32,242.36,598.42,2270,10097911
3250,3.34,380.54,,204,170.6,570.52,188.76,574.23,2379,10183899
3330,3.04,310.85,,196.43,153.29,466.04,221.01,537.64,2451,10286643
3380,3.23,326.07,,177.13,151.48,488.86,201.08,532.4,2641,10397511
3401,3.2,357.77,,194.47,167.42,536.38,242.16,606.26,2573,10503972
3391,3.06,315.94,,171.04,154.9,473.67,235,557.09,2703,10596987
3435,2.81,285.22,,106.26,152.15,427.62,274.12,566.52,2278,10673542
3575,2.19,251.01,,69.79,171.82,376.33,283.82,542.26,2057,10736387
3630,1.91,123.8,,47.38,97.11,185.6,383.26,517.07,2073,10789306
3686,2.32,258.53,,33.67,166.73,387.6,313.06,579.78,2625,10838462
3684,2.56,264.2,,66.23,154.7,396.1,335.94,593.53,2795,10888252
3485,2.46,382.12,,67.43,233.13,572.9,338.02,641.76,2287,10939293
3628,2.88,409.67,,65.99,213.4,614.2,290.56,677.05,2308,10989732
3574,2.28,294.55,,47.37,193.92,441.6,310.06,674.28,2331,11038692
3610,3.27,372.85,,43.07,171.09,559,462.29,807.75,2559,11084670
3504,2.76,368.72,,37.21,200.11,552.8,416.68,799.12,2747,11126430
3739,3.27,400.87,,55.07,183.86,601,451.79,790.17,2838,11164667
3798,3.5,461.56,,38.1,197.94,692,551.06,950.5,2999,11199651
3752,3.5,477.44,,16.5,204.6,715.8,419.13,854.48,3197,11229183
3706,3.1,326.1,,18.53,157.83,488.9,532.84,929.19,3396,11250365
3672,2.89,245.19,,22.38,127.2,367.6,723.3,985.8,3787,11261582
3634,3.04,289.61,,32.12,142.83,434.2,586.45,924.06,4684,11261248
3573,3.23,293.21,,35.7,136.1,439.6,590.04,926.8,5209,11251122
3508.6,2.8,290.81,,43.58,155.51,436,633.38,915.19,5411,11236971
3446.2,2.61,375.92,,14.99,215.75,563.6,514.14,880.48,5530,11226709
3383.7,2.58,303.08,,31,176.43,454.4,425.3,720.77,5730,11225832
3321.3,2.72,377.79,,34.76,208.05,566.4,560.54,899.34,6140,11236670
1591,1.6,56.92,0.07,2.58,53.45,85.34,,57.83,239,4581740
1634,1.66,56.83,1.77,3.04,51.3,85.2,,54.11,269,4682390
1678,1.67,51.89,,3.16,46.7,77.8,,58.71,264,4785923
1711,1.6,56.83,,3.51,53.3,85.2,0.88,57.65,429,4892293
1752,1.69,84.42,0.1,1.83,74.75,126.56,2.3,71.89,481,5001419
1807,1.57,75.4,0.53,1.6,71.79,113.04,0.12,70.1,534,5113456
1845,1.75,80.93,0.55,1.96,69.32,121.34,0.01,70.61,617,5228252
1877,1.41,59.57,11.41,2.47,63.14,89.32,,67.63,703,5344939
1910,1.48,50.78,,1.71,51.47,76.12,,60.48,809,5462419
1943,1.44,63.52,,1.53,66.14,95.22,0,63.52,696,5579935
1980,1.6,67.52,,3.49,63.36,101.22,0.03,62.64,616,5697096
2018,1.6,57.8,,1.34,54.3,86.66,2.8,65.48,669,5814345
2051,1.42,41.17,,4.09,43.57,61.72,35,75.2,620,5932810
2093,1.44,109.3,,2.46,113.94,163.86,7.84,115.53,631,6054123
2050,1.54,115.5,,2.83,112.79,173.16,19,112.53,669,6179460
2060,1.48,91.22,,3.25,92.2,136.76,3.57,112.93,641,6309130
2070,1.76,109.54,,3.15,93.45,164.23,5.48,113.48,684,6442831
2080,1.78,114.38,,2.17,96.23,171.48,0.71,114.13,712,6580312
2090,2.16,151.31,,4.89,105.09,226.85,2.58,152.32,716,6721115
2100,1.93,140.91,9.21,2.46,109.38,211.26,1.32,132.1,723,6864842
2110,2.1,160.59,2.13,3.67,114.56,240.77,1.06,149.67,778,7011453
2150,1.83,152.94,,6.39,125.01,229.29,3.41,151.9,805,7160920
2200,1.78,148.47,0.06,4.61,125.24,222.59,1.02,148.06,795,7312850
2350,1.81,164.97,2.17,4.6,136.39,247.33,0.61,167.14,805,7466793
2600,2.04,176.5,1.62,2.6,129.99,264.61,0.27,175.2,886,7622338
2690,2.62,229.13,0,3.37,130.97,343.52,0.25,200.72,956,7779267
2872,2.03,170.48,0.02,4.37,126.18,255.59,0.91,200.52,1006,7937458
2974,2.09,197.6,1.33,1.7,142.06,296.25,0.27,190.41,1058,8096761
3070,1.42,171.28,0.01,0.63,181.23,256.79,2.25,183.21,1011,8257066
3144,1.91,199.49,,2.39,156.31,299.08,9.51,201.46,1005,8418264
3150,2.28,221.74,0,3.66,146.11,332.44,7.17,216.08,960,8580235
3300,2,173.05,,4.04,129.88,259.45,7.78,212.65,915,8742814
3514,3,282.33,,3.68,141.18,423.28,2.32,235.88,918,8905823
3579,2.18,221,5.07,5.06,152.19,331.34,2.9,258.17,980,9069039
3806,2.54,319.66,1.06,6.47,188.38,479.25,3.36,293.88,1049,9232306
3861,2.65,297.79,8.21,4.01,168.4,446.46,1.5,314.74,1241,9395446
3931,2.07,234.85,5.69,6.25,170,352.1,13.29,261.75,1400,9558439
4030,2.17,225.31,0.05,4.99,155.4,337.8,43.65,265.05,1749,9721454
4122,2.2,274.13,,5.57,186.8,410.99,16.11,278.22,1790,9884781
3969,2.28,294.82,3.29,8.52,194.24,442.02,2.32,295.29,1995,10048590
4008,2.4,285.48,2.09,8.78,178.27,428.01,5.66,313.43,2395,10212954
1730,3.49,131.84,,10.64,56.59,197.66,,155.14,441,6247418
1735,2.09,127.68,,24.43,91.39,191.42,,159.44,496,6429379
1740,2.77,156.43,,30.12,84.76,234.53,0.11,174.55,588,6614843
1753,2.59,177.64,,23.31,102.69,266.33,,177.64,970,6803280
1720,2.97,242.57,11.6,19.02,122.37,363.68,,193.24,1105,6994334
1680,2.64,237.14,14.02,48.44,134.79,355.52,,199,1265,7187787
1650,3.06,218.52,12.01,52.08,107.05,327.62,,205.81,1493,7383724
1610,2.77,150.26,,44.33,81.3,225.27,0.5,209.01,1572,7582353
1580,2.87,212.42,0.01,50.23,110.88,318.47,32.05,237.87,1821,7784072
1542,3.01,253.87,,47.07,126.61,380.61,17.2,261.49,2097,7989186
1600,3.31,289.74,,44,131.28,434.4,11.75,281,2087,8197652
1552,2.92,256.36,,46.42,131.72,384.36,,277.54,2026,8409397
1560,2.88,182.43,,47.31,94.85,273.5,35,240.66,1732,8624594
1575,3.14,291.59,0.01,46.41,139.08,437.17,44.24,317.2,1795,8843462
1590,2.65,265.04,,45.5,149.9,397.35,14.26,301.28,2044,9066109
1605,2.53,384.1,,46.4,227.84,575.87,0.07,380.74,1462,9292474
1616,2.83,520.78,29.63,39.13,275.9,780.78,0.04,481.07,1332,9522360
1625,3.32,636.67,,47.26,287.62,954.53,0.5,590.35,1235,9755579
1583,3.12,578.55,25,46.89,277.59,867.4,49.38,584.76,1183,9991870
1604,3.12,560.52,,42.41,269.19,840.36,19.22,579.91,1173,10230934
1644,2.99,565.74,0.05,50.24,283.9,848.18,,565.68,1287,10472475
1633,3.33,686.72,12.37,59.89,309.6,1029.56,0.31,673.96,1376,10716129
1569,3.48,826.92,0.04,59.91,356.21,1239.76,1.1,826,1573,10961466
1621,3.74,947.45,30.26,57.37,379.96,1420.47,0.24,915.64,1858,11208001
1574,3.26,860.78,26.15,64.17,395.6,1290.52,0.92,834.07,1980,11455204
1607,3.21,846.86,89.48,73.43,396,1269.66,0.25,750.06,2037,11703174
1609,3.39,714.72,111.71,101.06,316.42,1071.54,2.73,603.56,2253,11951452
1602,3.21,695.68,54.16,100.94,325.33,1042.99,96.25,740.44,2258,12198449
1610,3.52,860.22,30.08,109.01,366.13,1289.68,2.69,824.91,1599,12442115
1616,3.68,831.5,11.7,101.73,338.65,1246.63,6.14,811.33,1462,12681123
1500,3.6,837.74,78.19,233.1,348.89,1255.99,0.56,751.05,1909,12914667
1360,3.87,955.68,26.15,167.63,369.8,1432.81,0.14,917.04,2180,13143465
1299,3.87,923.6,37.78,156.82,357.56,1384.72,0.2,877.04,2435,13369678
1277,4.22,1186.18,1.66,217.53,421.55,1778.38,0.49,1181.77,2700,13596388
1296,3.9,981.21,31.38,150.83,377.3,1471.08,0.13,948.2,3025,13825847
1233,4.2,1001.33,161.04,207.79,357.56,1501.24,0.16,830.64,3351,14059384
1195,4.36,1156.67,100.14,199.1,398.15,1734.14,0.09,1050.22,3588,14296557
1236,4.06,961.85,5.42,214.12,354.84,1442.05,0.96,957.09,4267,14535739
1199.4,4,1053.46,5.11,187.28,394.81,1579.41,0.23,1048.3,4242,14774424
1186.4,4.34,1138.03,21.01,252.07,393.14,1706.19,0.17,1116.23,4633,15011117
1155.7,4.48,985.79,42.32,272.07,329.96,1477.94,0.23,941.77,5193,15243883
432,1.42,90.83,,54.44,95.6,136.18,22.9,104.32,975,1563093
432,1.19,83.52,,60.39,105.2,125.22,5.67,83.37,1041,1607796
432,1.54,108.09,2.74,51.62,105.3,162.05,0.41,92.24,1158,1653212
433,1.59,118.95,0.03,64.02,112.2,178.33,0.12,126.25,1288,1699054
433,1.6,123.26,0.03,58.85,115.37,184.8,0.06,137.24,1395,1745138
433,1.18,96.34,0.01,52.42,122.35,144.44,0.03,85.14,1445,1791380
434,1.69,124.19,0,52.3,109.98,186.19,0.02,121.37,1490,1837800
434,1.64,108.31,13.77,53,99.11,162.38,0.02,93.62,1722,1884424
434,1.7,107.09,11.32,68.66,94.24,160.55,0.04,94.71,1918,1931304
435,1.84,113.2,,70.34,92.47,169.72,0.05,99.01,2071,1978487
440,1.95,130.17,,68.64,99.85,195.16,0.15,121.28,2288,2025971
450,1.86,117.6,4.97,60.67,95.03,176.31,0.13,102.53,2469,2073757
455,2.04,133.01,5.85,50.77,97.82,199.42,0.06,127.57,2477,2121860
460,1.88,116.46,0.27,61.3,93.04,174.6,0.07,123.26,2528,2170325
465,2.06,124.16,,55.27,90.15,186.14,0.04,133.69,2615,2219201
470,2.09,120.23,,75.11,86.14,180.25,0.11,154.71,2658,2268500
475,2.17,120.1,0.01,79.58,82.93,180.06,0.02,87.44,2613,2318264
480,2.18,121.96,,80.21,83.8,182.85,0.35,134.42,2212,2368551
490,2.36,138.18,,67.94,87.91,207.16,0.06,117.98,2172,2419426
499,2.26,148.27,0.7,77.47,98.36,222.29,0.06,124.9,2313,2470947
499,2.16,135.56,1.1,51.4,94.09,203.24,0.05,110.57,2490,2523118
500,2.2,136.57,0.2,70.98,93.14,204.75,0.08,138,2771,2575954
500,2.25,140.07,0.27,64.36,93.5,210,0.03,143.82,2963,2629580
500,2.32,151.43,,59.9,97.67,227.02,1.98,143.81,3095,2684116
500,1.78,117.55,,55.4,98.95,176.23,2.29,131.28,3100,2739668
500,2.03,126.56,0.65,88.6,93.41,189.75,0.28,125.92,3581,2796291
510,2.07,96.29,2.17,71.35,69.62,144.36,1.64,93.64,3791,2853913
520,1.94,114.24,1.1,76.69,88.23,171.28,49.5,153.32,4027,2912316
530,2.34,121.58,0.06,64.15,77.96,182.29,4.84,121.84,4136,2971196
548,2.42,138.35,0.46,56.9,85.61,207.43,10.23,111.74,4112,3030328
548,2.13,174.23,0.02,53.28,122.45,261.21,3.45,185.14,4095,3089648
548,2.32,197.02,,40.4,127.56,295.38,20.68,211.53,4173,3149188
548,2.36,210.75,,51.15,133.88,315.96,5.86,214.61,4313,3209048
548,1.87,162.33,0.09,42.15,130.1,243.38,6.13,189.1,4639,3269356
548,2.15,156.85,,34.42,109.5,235.16,43.3,209.75,4965,3330217
540,2.43,155.01,,38.39,95.67,232.4,28.96,210.44,5402,3391666
540,2.38,158.06,0.03,34.09,99.5,236.98,48.66,220.01,6127,3453675
540,2.88,200.79,,35.81,104.65,301.04,63.53,221.65,7110,3516204
540,2.26,161.1,,47.56,106.78,241.52,14.57,229.28,7532,3579215
568.89,2.17,163.05,,63.76,112.86,244.45,88.77,234.97,8040,3642687
565,2.56,180,,67.47,105.25,269.86,40.36,244.41,9315,3706483
563,2.78,165.55,0.02,67.85,98.38,273.6,77.81,261.74,10674,3770624
563,3.09,191.69,0.07,82.66,102.59,316.8,71.42,266.58,11842,3835437
2937,1.36,102.08,,22.81,112.63,153.04,4.07,121.9,1106,11745945
2904,2.52,109.85,,29.18,65.34,164.69,3.48,131.18,1155,12097694
2900,2.67,201.37,6.57,31.41,113.03,301.9,0.4,147.99,1368,12453718
2906,2.53,197.8,66.63,44.25,117.31,296.55,0,157.55,2036,12816955
2907,3.2,242.07,32.55,48.32,113.55,362.92,1.62,173.34,2082,13189509
2912,3.08,137.59,2.02,55.29,66.87,206.29,,178.46,2315,13572208
2964,2.99,330.79,,59.25,165.81,495.94,,224.56,2593,13964379
2955,3.02,334.57,,66.6,166.15,501.6,0.08,230.38,2737,14364727
2949,3.12,409.26,7.6,75.31,196.71,613.58,0.99,257.29,3271,14771271
2957,3.08,412.81,17.09,81.54,201.21,618.91,,384.79,4671,15182611
2804,2.8,454.42,0.2,51.95,243.28,681.29,0.01,278.1,5086,15597886
2811,2.68,405.88,25.94,56.49,227.44,608.52,1.37,311.08,5042,16017573
2710,2.73,299.8,10.28,56.94,164.41,449.48,0,340.78,4883,16443134
2709,2.7,272.03,0.01,98.82,151.06,407.84,2.07,429.67,3447,16876703
2917,2.61,314.64,0.03,139.84,180.77,471.72,0.76,401.06,3472,17319520
3085,2.59,214.46,4.98,164.8,124.14,321.53,,184.68,3489,17772001
3097,2.74,248.96,1.44,196.22,136.47,373.25,14.23,315.28,2619,18232730
3097,2.84,255.64,,215.2,135.18,383.27,61.5,343.51,3293,18698847
2845,4.45,277.34,,181.11,93.42,415.8,12.37,300.89,2378,19166471
2832,4.31,330.16,,153.25,114.76,495,0.35,364.92,2493,19632665
2844,4.38,443.45,0,139.45,151.76,664.84,0.61,381.13,2685,20096317
2601,3.84,407.15,51.24,123.8,158.83,610.42,0.75,397.81,2968,20557683
2599,3.79,426.21,75.14,108.5,168.46,638.99,1.16,306.57,2876,21016901
2587,4.41,485.61,67.59,95.09,165.15,728.05,11.27,411.26,2742,21474549
2581,4.27,504.89,74.64,115.46,177.43,756.95,68.08,458.01,3560,21931084
2584,4.5,520.2,47.41,118.03,173.31,779.91,13.24,529.04,3175,22385650
2593,4.58,528.42,68.28,112.23,172.95,792.24,0.12,396.71,3778,22837743
2593,4.62,467.68,80,85.5,151.84,701.17,0.13,398.93,3973,23288564
2593,4.83,480.37,22.48,79.44,148.97,720.19,0.15,456.1,4122,23739841
2595,4.9,451.41,59.53,108.67,138.2,676.78,0.25,395.15,4824,24192446
2598,4.94,507.63,44.02,115.47,154.2,761.06,0.23,496.1,4965,24646472
2500,4.98,445.66,26.48,144.37,134.29,668.16,0.31,465.1,3791,25100408
2600,4.66,427.54,1,168.86,137.4,640.99,81.29,556.96,3266,25551624
2650,4.88,646.85,9.54,159.54,198.78,969.78,0.46,565.94,4310,25996594
2655,4.65,670.01,12.02,166.75,215.98,1004.52,0.38,687.04,5420,26432447
2655,4.95,748.95,20.82,122.72,226.83,1122.87,0.68,761.84,6617,26850194
2659,5.05,703.59,18.1,135.5,208.82,1054.86,0.46,689.21,8138,27247610
2700,5.19,910.1,,177.97,263,1364.46,248.55,861.33,10469,27635832
2600,4.78,796.37,0.36,166.18,250,1193.96,194.08,1064.99,8448,28031009
2700,4.29,695.73,4.41,170.69,187.7,805.41,367.93,1069.45,10325,28439940
2700,4.78,544.44,,170.37,170.66,816.25,246.76,930.86,11571,28888369
805,2.08,31.48,0.86,5.76,22.7,47.2,,30.6,262,2535873
805,1.8,25.88,0.12,6.35,21.6,38.8,,25.75,296,2597154
804,1.94,27.76,0.36,3.82,21.44,41.61,,27.38,374,2659421
920,2.21,33.81,1.77,1.91,22.9,50.69,,32,490,2723812
1040,2.27,37.26,0.1,1.1,24.6,55.87,,37.16,541,2791241
1160,2.02,37.85,0.95,0.86,28.1,56.75,,36.88,594,2861867
1270,2.04,45.81,0.78,0.87,33.6,68.68,,45.01,713,2935712
1390,1.83,38.84,0.53,2.01,31.8,58.23,0.73,39.05,850,3013282
1500,1.89,37.95,0.08,3.91,30.1,56.89,,37.87,1104,3095145
1620,1.7,27.21,,3.9,24,40.8,0.04,27.26,1300,3181625
1741,1.91,29.68,0.1,5.32,23.34,44.5,0.04,29.62,1608,3272912
1780,2.01,42.09,,4.27,31.4,63.1,0.02,42.11,1637,3368773
1820,2.14,48.45,0.02,4.95,33.9,72.64,,48.43,1763,3468535
1860,2.18,53.16,,4.95,36.5,79.7,,53.16,1391,3571272
1900,2.49,64.84,,5.93,39,97.21,,64.84,1154,3676210
1950,2.01,41.62,,6.36,31.1,62.41,,41.62,1336,3783074
1990,2.57,70.19,,7.54,40.9,105.24,,70.19,1085,3891734
2030,2.44,54.29,,4.03,33.4,81.39,,54.29,1392,4001681
2070,2.7,58.34,1.03,9.48,32.4,87.47,0,57.32,978,4112386
2110,2.52,57.16,1.8,8.49,34,85.7,0,55.37,1185,4223415
2150,2.6,57.98,0.02,9.57,33.4,86.92,,57.95,1585,4334345
2300,2.59,56.94,0.69,9.52,33,85.37,0.01,56.26,1592,4445016
2300,2.59,77.78,2.36,9.09,45,116.6,0.03,64,1580,4555521
2450,2.6,81.44,0.9,9.35,47,122.1,0,69.12,1681,4666094
2600,2.84,90.88,,8.85,48,136.26,1.27,78.97,1897,4776843
2600,3.01,88.35,9.26,12.69,44,132.46,0.32,79.56,2008,4887632
2600,3.5,94.43,12.19,22.69,40.5,141.58,0.74,81.57,2004,4998100
2850,3.88,53.97,1.76,25.2,20.86,80.92,2.52,90.33,1825,5107839
2950,4.61,85.44,1.3,22.19,27.77,128.09,3.08,56.56,1706,5216349
3020,3.85,67.4,14.13,21.59,26.25,101.05,3.83,66.72,1676,5323201
3105,3.98,70.82,12.55,21.51,26.68,106.18,4.64,57.9,1578,5428444
3210,3.88,70.02,0.97,47.72,27.03,104.97,5.72,58.58,1312,5531962
3280,3.64,73.54,3.21,66.24,30.3,110.25,3.39,59.5,1378,5632983
3370,4.03,83.38,12.04,78.42,31,125,0.86,62.97,1694,5730549
3460,3.04,68.03,37.06,65.76,33.5,102,0.46,42.26,1858,5824096
3550,3,84.04,54.11,72.72,42,126,0.74,41.76,2285,5913209
3640,3.1,86.71,71.42,94.31,42,130,0.91,35.97,2989,5998427
3757,4.27,96.51,67.56,74.7,33.87,144.69,1.16,33.26,4048,6081296
4020,4.3,143.4,121.28,62.73,50,215,0.69,31.02,3623,6163972
4145,5.3,210.25,133.47,82.09,59.48,315.21,0.9,44.78,4347,6248020
4305,5.19,272.3,203.89,97.64,78.61,408.25,1.14,52.41,5298,6333976
4415,4.95,264.13,262.06,83.3,80,396,0.99,56.6,5151,6421512
4500,6.3,411.8,366.28,96.92,98,617.4,1.12,57.86,5883,6510276
